Timestamp,X,Y
2024-09-07 22:07:29.127,962,475
2024-09-07 22:07:29.135,962,479
2024-09-07 22:07:29.143,962,483
2024-09-07 22:07:29.151,962,486
2024-09-07 22:07:29.159,962,489
2024-09-07 22:07:29.167,962,493
2024-09-07 22:07:29.175,962,496
2024-09-07 22:07:29.183,962,500
2024-09-07 22:07:29.191,962,505
2024-09-07 22:07:29.199,962,509
2024-09-07 22:07:29.207,962,511
2024-09-07 22:07:29.216,962,514
2024-09-07 22:07:29.224,962,518
2024-09-07 22:07:29.239,962,521
2024-09-07 22:07:29.272,960,525
2024-09-07 22:07:29.448,960,529
2024-09-07 22:07:29.456,960,531
2024-09-07 22:07:29.463,956,536
2024-09-07 22:07:29.471,954,544
2024-09-07 22:07:29.479,950,554
2024-09-07 22:07:29.488,945,565
2024-09-07 22:07:29.496,939,579
2024-09-07 22:07:29.504,931,594
2024-09-07 22:07:29.512,925,610
2024-09-07 22:07:29.519,918,628
2024-09-07 22:07:29.527,909,645
2024-09-07 22:07:29.535,900,664
2024-09-07 22:07:29.543,891,680
2024-09-07 22:07:29.551,883,699
2024-09-07 22:07:29.559,874,714
2024-09-07 22:07:29.568,865,730
2024-09-07 22:07:29.576,856,745
2024-09-07 22:07:29.584,850,758
2024-09-07 22:07:29.592,843,769
2024-09-07 22:07:29.600,838,779
2024-09-07 22:07:29.607,834,785
2024-09-07 22:07:29.616,831,790
2024-09-07 22:07:29.624,830,794
2024-09-07 22:07:29.632,828,795
2024-09-07 22:07:29.727,825,798
2024-09-07 22:07:29.744,823,799
2024-09-07 22:07:29.752,820,799
2024-09-07 22:07:29.760,818,799
2024-09-07 22:07:29.767,815,799
2024-09-07 22:07:29.776,811,799
2024-09-07 22:07:29.784,809,799
2024-09-07 22:07:29.792,805,799
2024-09-07 22:07:29.800,801,799
2024-09-07 22:07:29.808,799,799
2024-09-07 22:07:29.816,795,799
2024-09-07 22:07:29.824,791,799
2024-09-07 22:07:29.832,786,799
2024-09-07 22:07:29.839,783,799
2024-09-07 22:07:29.848,778,797
2024-09-07 22:07:29.855,771,797
2024-09-07 22:07:29.863,766,797
2024-09-07 22:07:29.871,761,795
2024-09-07 22:07:29.879,758,795
2024-09-07 22:07:29.887,754,792
2024-09-07 22:07:29.896,751,792
2024-09-07 22:07:29.903,749,792
2024-09-07 22:07:29.999,748,790
2024-09-07 22:07:30.007,748,787
2024-09-07 22:07:30.015,748,785
2024-09-07 22:07:30.023,748,782
2024-09-07 22:07:30.032,748,778
2024-09-07 22:07:30.040,748,773
2024-09-07 22:07:30.048,748,770
2024-09-07 22:07:30.055,748,766
2024-09-07 22:07:30.063,748,762
2024-09-07 22:07:30.071,748,758
2024-09-07 22:07:30.080,748,756
2024-09-07 22:07:30.087,748,753
2024-09-07 22:07:30.096,748,751
2024-09-07 22:07:30.151,748,748
2024-09-07 22:07:30.167,749,746
2024-09-07 22:07:30.176,751,742
2024-09-07 22:07:30.183,753,737
2024-09-07 22:07:30.192,756,730
2024-09-07 22:07:30.200,758,720
2024-09-07 22:07:30.207,761,708
2024-09-07 22:07:30.215,764,697
2024-09-07 22:07:30.224,769,682
2024-09-07 22:07:30.232,777,665
2024-09-07 22:07:30.240,783,646
2024-09-07 22:07:30.248,792,625
2024-09-07 22:07:30.256,799,603
2024-09-07 22:07:30.264,807,586
2024-09-07 22:07:30.271,812,570
2024-09-07 22:07:30.280,817,553
2024-09-07 22:07:30.287,821,538
2024-09-07 22:07:30.296,824,523
2024-09-07 22:07:30.303,826,510
2024-09-07 22:07:30.312,828,496
2024-09-07 22:07:30.319,829,483
2024-09-07 22:07:30.327,829,471
2024-09-07 22:07:30.336,829,458
2024-09-07 22:07:30.344,829,447
2024-09-07 22:07:30.352,829,437
2024-09-07 22:07:30.359,829,430
2024-09-07 22:07:30.368,829,423
2024-09-07 22:07:30.376,829,418
2024-09-07 22:07:30.383,829,413
2024-09-07 22:07:30.391,829,408
2024-09-07 22:07:30.399,829,405
2024-09-07 22:07:30.408,829,400
2024-09-07 22:07:30.415,829,395
2024-09-07 22:07:30.424,829,391
2024-09-07 22:07:30.432,829,387
2024-09-07 22:07:30.439,829,383
2024-09-07 22:07:30.448,829,381
2024-09-07 22:07:30.455,829,378
2024-09-07 22:07:30.464,829,376
2024-09-07 22:07:30.544,829,375
2024-09-07 22:07:30.552,832,375
2024-09-07 22:07:30.560,836,375
2024-09-07 22:07:30.568,841,375
2024-09-07 22:07:30.576,846,376
2024-09-07 22:07:30.583,851,378
2024-09-07 22:07:30.592,856,380
2024-09-07 22:07:30.599,863,384
2024-09-07 22:07:30.608,868,385
2024-09-07 22:07:30.616,874,389
2024-09-07 22:07:30.623,881,393
2024-09-07 22:07:30.632,887,395
2024-09-07 22:07:30.639,893,399
2024-09-07 22:07:30.647,899,401
2024-09-07 22:07:30.656,904,403
2024-09-07 22:07:30.664,909,405
2024-09-07 22:07:30.672,914,408
2024-09-07 22:07:30.679,919,409
2024-09-07 22:07:30.688,923,409
2024-09-07 22:07:30.695,928,410
2024-09-07 22:07:30.704,932,411
2024-09-07 22:07:30.712,934,411
2024-09-07 22:07:30.719,937,413
2024-09-07 22:07:30.727,941,415
2024-09-07 22:07:30.735,944,416
2024-09-07 22:07:30.744,947,416
2024-09-07 22:07:30.760,949,418
2024-09-07 22:07:30.984,952,420
2024-09-07 22:07:31.095,953,423
2024-09-07 22:07:31.112,954,425
2024-09-07 22:07:31.128,954,428
2024-09-07 22:07:31.152,954,430
2024-09-07 22:07:31.168,953,433
2024-09-07 22:07:31.176,950,435
2024-09-07 22:07:31.184,950,438
2024-09-07 22:07:31.191,948,440
2024-09-07 22:07:31.200,945,443
2024-09-07 22:07:31.207,945,445
2024-09-07 22:07:31.215,943,448
2024-09-07 22:07:31.287,940,449
2024-09-07 22:07:32.048,940,447
2024-09-07 22:07:32.055,940,445
2024-09-07 22:07:32.064,941,441
2024-09-07 22:07:32.071,943,437
2024-09-07 22:07:32.080,946,432
2024-09-07 22:07:32.088,948,427
2024-09-07 22:07:32.096,951,421
2024-09-07 22:07:32.103,953,416
2024-09-07 22:07:32.112,957,410
2024-09-07 22:07:32.119,961,402
2024-09-07 22:07:32.128,966,395
2024-09-07 22:07:32.136,971,386
2024-09-07 22:07:32.144,976,377
2024-09-07 22:07:32.152,982,368
2024-09-07 22:07:32.160,987,360
2024-09-07 22:07:32.168,992,351
2024-09-07 22:07:32.176,997,345
2024-09-07 22:07:32.183,999,340
2024-09-07 22:07:32.512,1001,340
2024-09-07 22:07:32.568,1001,340
2024-09-07 22:07:32.576,1000,341
2024-09-07 22:07:32.584,998,343
2024-09-07 22:07:32.591,995,345
2024-09-07 22:07:32.600,993,348
2024-09-07 22:07:32.608,989,349
2024-09-07 22:07:32.616,985,350
2024-09-07 22:07:32.623,980,353
2024-09-07 22:07:32.632,974,355
2024-09-07 22:07:32.639,968,356
2024-09-07 22:07:32.647,960,359
2024-09-07 22:07:32.656,954,360
2024-09-07 22:07:32.664,948,363
2024-09-07 22:07:32.671,940,364
2024-09-07 22:07:32.680,933,365
2024-09-07 22:07:32.688,926,366
2024-09-07 22:07:32.695,919,368
2024-09-07 22:07:32.703,910,369
2024-09-07 22:07:32.712,901,370
2024-09-07 22:07:32.719,895,371
2024-09-07 22:07:32.728,890,371
2024-09-07 22:07:32.735,886,371
2024-09-07 22:07:32.744,883,371
2024-09-07 22:07:32.752,876,371
2024-09-07 22:07:32.760,870,371
2024-09-07 22:07:32.768,864,371
2024-09-07 22:07:32.775,859,371
2024-09-07 22:07:32.784,855,371
2024-09-07 22:07:32.792,851,371
2024-09-07 22:07:32.800,849,371
2024-09-07 22:07:32.808,846,371
2024-09-07 22:07:32.815,844,371
2024-09-07 22:07:32.824,841,371
2024-09-07 22:07:32.847,839,371
2024-09-07 22:07:32.856,836,371
2024-09-07 22:07:32.863,834,371
2024-09-07 22:07:32.880,831,371
2024-09-07 22:07:32.912,829,371
2024-09-07 22:07:34.616,828,371
2024-09-07 22:07:34.624,828,373
2024-09-07 22:07:34.632,828,376
2024-09-07 22:07:34.639,828,380
2024-09-07 22:07:34.648,828,386
2024-09-07 22:07:34.655,828,394
2024-09-07 22:07:34.663,828,404
2024-09-07 22:07:34.671,828,415
2024-09-07 22:07:34.679,828,428
2024-09-07 22:07:34.688,828,438
2024-09-07 22:07:34.696,828,448
2024-09-07 22:07:34.703,828,455
2024-09-07 22:07:34.712,828,460
2024-09-07 22:07:34.719,828,464
2024-09-07 22:07:34.735,828,466
2024-09-07 22:07:34.744,828,469
2024-09-07 22:07:34.751,829,471
2024-09-07 22:07:34.759,831,475
2024-09-07 22:07:34.767,832,480
2024-09-07 22:07:34.776,833,486
2024-09-07 22:07:34.784,834,491
2024-09-07 22:07:34.791,834,495
2024-09-07 22:07:34.800,836,500
2024-09-07 22:07:34.807,837,504
2024-09-07 22:07:34.816,837,508
2024-09-07 22:07:34.824,838,511
2024-09-07 22:07:34.831,839,514
2024-09-07 22:07:34.839,839,516
2024-09-07 22:07:34.847,839,519
2024-09-07 22:07:34.855,841,521
2024-09-07 22:07:34.864,842,524
2024-09-07 22:07:34.872,842,528
2024-09-07 22:07:34.880,842,533
2024-09-07 22:07:34.888,842,538
2024-09-07 22:07:34.896,842,541
2024-09-07 22:07:34.903,842,544
2024-09-07 22:07:34.912,842,546
2024-09-07 22:07:35.127,842,548
2024-09-07 22:07:35.295,840,549
2024-09-07 22:07:35.319,838,550
2024-09-07 22:07:35.328,835,551
2024-09-07 22:07:35.336,833,551
2024-09-07 22:07:35.343,829,551
2024-09-07 22:07:35.351,825,551
2024-09-07 22:07:35.360,820,551
2024-09-07 22:07:35.368,814,551
2024-09-07 22:07:35.376,809,551
2024-09-07 22:07:35.384,801,551
2024-09-07 22:07:35.392,794,551
2024-09-07 22:07:35.400,786,551
2024-09-07 22:07:35.407,778,551
2024-09-07 22:07:35.416,769,551
2024-09-07 22:07:35.423,761,551
2024-09-07 22:07:35.431,754,551
2024-09-07 22:07:35.438,748,551
2024-09-07 22:07:35.447,740,551
2024-09-07 22:07:35.455,734,551
2024-09-07 22:07:35.463,729,551
2024-09-07 22:07:35.471,723,551
2024-09-07 22:07:35.479,716,551
2024-09-07 22:07:35.487,711,551
2024-09-07 22:07:35.495,706,551
2024-09-07 22:07:35.503,701,551
2024-09-07 22:07:35.511,696,551
2024-09-07 22:07:35.519,691,551
2024-09-07 22:07:35.527,688,551
2024-09-07 22:07:35.535,683,551
2024-09-07 22:07:35.543,678,551
2024-09-07 22:07:35.551,674,551
2024-09-07 22:07:35.560,670,551
2024-09-07 22:07:35.567,665,551
2024-09-07 22:07:35.575,661,551
2024-09-07 22:07:35.583,658,551
2024-09-07 22:07:35.590,653,551
2024-09-07 22:07:35.599,648,551
2024-09-07 22:07:35.607,643,551
2024-09-07 22:07:35.615,639,551
2024-09-07 22:07:35.623,635,551
2024-09-07 22:07:35.631,630,551
2024-09-07 22:07:35.639,625,550
2024-09-07 22:07:35.647,620,550
2024-09-07 22:07:35.655,616,550
2024-09-07 22:07:35.663,613,550
2024-09-07 22:07:35.671,609,550
2024-09-07 22:07:35.680,605,550
2024-09-07 22:07:35.686,600,550
2024-09-07 22:07:35.695,596,550
2024-09-07 22:07:35.703,593,550
2024-09-07 22:07:35.711,589,550
2024-09-07 22:07:35.719,585,550
2024-09-07 22:07:35.727,580,547
2024-09-07 22:07:35.735,576,547
2024-09-07 22:07:35.743,573,547
2024-09-07 22:07:35.751,568,547
2024-09-07 22:07:35.759,564,547
2024-09-07 22:07:35.768,561,547
2024-09-07 22:07:35.775,558,547
2024-09-07 22:07:35.783,554,547
2024-09-07 22:07:35.791,550,547
2024-09-07 22:07:35.800,546,547
2024-09-07 22:07:35.807,544,547
2024-09-07 22:07:35.816,541,547
2024-09-07 22:07:35.823,539,547
2024-09-07 22:07:35.831,536,547
2024-09-07 22:07:35.839,534,547
2024-09-07 22:07:35.848,530,547
2024-09-07 22:07:35.855,526,547
2024-09-07 22:07:35.863,524,547
2024-09-07 22:07:35.871,521,547
2024-09-07 22:07:35.879,519,547
2024-09-07 22:07:35.887,516,547
2024-09-07 22:07:35.895,514,547
2024-09-07 22:07:35.903,511,547
2024-09-07 22:07:35.911,509,547
2024-09-07 22:07:35.919,506,547
2024-09-07 22:07:35.928,504,547
2024-09-07 22:07:35.935,501,547
2024-09-07 22:07:35.943,499,547
2024-09-07 22:07:35.951,496,547
2024-09-07 22:07:35.960,494,547
2024-09-07 22:07:35.967,491,547
2024-09-07 22:07:35.975,489,547
2024-09-07 22:07:35.991,486,547
2024-09-07 22:07:36.007,484,547
2024-09-07 22:07:36.031,481,547
2024-09-07 22:07:36.056,479,547
2024-09-07 22:07:36.080,476,547
2024-09-07 22:07:36.103,474,547
2024-09-07 22:07:36.144,471,547
2024-09-07 22:07:36.160,469,547
2024-09-07 22:07:36.240,466,547
2024-09-07 22:07:36.255,464,547
2024-09-07 22:07:36.344,461,547
2024-09-07 22:07:36.376,459,547
2024-09-07 22:07:36.407,456,547
2024-09-07 22:07:36.432,454,547
2024-09-07 22:07:36.456,451,547
2024-09-07 22:07:36.487,449,547
2024-09-07 22:07:36.528,446,547
2024-09-07 22:07:36.560,444,548
2024-09-07 22:07:36.696,441,549
2024-09-07 22:07:36.880,441,550
2024-09-07 22:07:36.887,443,551
2024-09-07 22:07:36.912,446,551
2024-09-07 22:07:36.919,448,551
2024-09-07 22:07:36.927,451,551
2024-09-07 22:07:36.935,453,551
2024-09-07 22:07:36.951,456,551
2024-09-07 22:07:36.967,458,551
2024-09-07 22:07:37.408,461,553
2024-09-07 22:07:37.624,461,554
2024-09-07 22:07:37.632,460,554
2024-09-07 22:07:37.639,458,554
2024-09-07 22:07:37.648,455,554
2024-09-07 22:07:37.654,453,554
2024-09-07 22:07:37.664,450,554
2024-09-07 22:07:37.679,448,554
2024-09-07 22:07:37.687,445,554
2024-09-07 22:07:37.696,443,554
2024-09-07 22:07:37.703,440,554
2024-09-07 22:07:37.712,438,554
2024-09-07 22:07:37.719,435,554
2024-09-07 22:07:37.728,433,554
2024-09-07 22:07:37.735,430,554
2024-09-07 22:07:37.744,426,554
2024-09-07 22:07:37.751,424,554
2024-09-07 22:07:37.759,421,554
2024-09-07 22:07:37.767,419,554
2024-09-07 22:07:37.775,415,554
2024-09-07 22:07:37.783,411,554
2024-09-07 22:07:37.791,408,554
2024-09-07 22:07:37.800,404,554
2024-09-07 22:07:37.807,400,554
2024-09-07 22:07:37.815,396,554
2024-09-07 22:07:37.823,394,554
2024-09-07 22:07:37.831,391,554
2024-09-07 22:07:37.839,389,554
2024-09-07 22:07:37.848,386,554
2024-09-07 22:07:37.855,384,554
2024-09-07 22:07:37.863,381,554
2024-09-07 22:07:37.871,379,554
2024-09-07 22:07:37.903,376,554
2024-09-07 22:07:38.127,374,554
2024-09-07 22:07:38.200,371,554
2024-09-07 22:07:38.288,369,554
2024-09-07 22:07:38.303,366,554
2024-09-07 22:07:38.848,364,554
2024-09-07 22:07:39.000,361,554
2024-09-07 22:07:40.064,363,554
2024-09-07 22:07:40.071,368,554
2024-09-07 22:07:40.080,374,554
2024-09-07 22:07:40.087,382,554
2024-09-07 22:07:40.096,391,554
2024-09-07 22:07:40.103,399,554
2024-09-07 22:07:40.112,408,554
2024-09-07 22:07:40.119,418,554
2024-09-07 22:07:40.127,427,554
2024-09-07 22:07:40.135,436,554
2024-09-07 22:07:40.143,444,552
2024-09-07 22:07:40.151,453,552
2024-09-07 22:07:40.159,463,552
2024-09-07 22:07:40.167,473,550
2024-09-07 22:07:40.175,484,550
2024-09-07 22:07:40.183,494,547
2024-09-07 22:07:40.191,504,547
2024-09-07 22:07:40.200,516,545
2024-09-07 22:07:40.207,527,542
2024-09-07 22:07:40.215,537,542
2024-09-07 22:07:40.223,547,542
2024-09-07 22:07:40.231,554,542
2024-09-07 22:07:40.239,562,542
2024-09-07 22:07:40.247,569,542
2024-09-07 22:07:40.256,577,542
2024-09-07 22:07:40.264,584,542
2024-09-07 22:07:40.271,591,542
2024-09-07 22:07:40.280,598,542
2024-09-07 22:07:40.287,606,542
2024-09-07 22:07:40.295,612,542
2024-09-07 22:07:40.303,618,542
2024-09-07 22:07:40.312,624,542
2024-09-07 22:07:40.319,631,542
2024-09-07 22:07:40.327,637,542
2024-09-07 22:07:40.335,642,542
2024-09-07 22:07:40.343,647,542
2024-09-07 22:07:40.351,652,542
2024-09-07 22:07:40.360,657,542
2024-09-07 22:07:40.367,661,542
2024-09-07 22:07:40.375,666,542
2024-09-07 22:07:40.383,671,543
2024-09-07 22:07:40.392,676,544
2024-09-07 22:07:40.400,681,544
2024-09-07 22:07:40.407,684,545
2024-09-07 22:07:40.416,688,548
2024-09-07 22:07:40.424,693,549
2024-09-07 22:07:40.432,698,550
2024-09-07 22:07:40.440,702,551
2024-09-07 22:07:40.448,706,553
2024-09-07 22:07:40.455,709,554
2024-09-07 22:07:40.464,712,555
2024-09-07 22:07:40.471,716,558
2024-09-07 22:07:40.479,719,559
2024-09-07 22:07:40.487,724,561
2024-09-07 22:07:40.496,728,564
2024-09-07 22:07:40.503,733,566
2024-09-07 22:07:40.511,739,570
2024-09-07 22:07:40.520,743,574
2024-09-07 22:07:40.528,748,578
2024-09-07 22:07:40.536,753,583
2024-09-07 22:07:40.544,757,586
2024-09-07 22:07:40.552,761,590
2024-09-07 22:07:40.559,766,595
2024-09-07 22:07:40.568,768,599
2024-09-07 22:07:40.576,772,603
2024-09-07 22:07:41.000,774,605
2024-09-07 22:07:41.248,777,606
2024-09-07 22:07:41.512,779,606
2024-09-07 22:07:45.872,781,606
2024-09-07 22:07:45.984,780,608
2024-09-07 22:07:46.016,778,610
2024-09-07 22:07:46.023,773,611
2024-09-07 22:07:46.031,769,613
2024-09-07 22:07:46.144,766,614
2024-09-07 22:07:46.152,764,614
2024-09-07 22:07:46.160,761,614
2024-09-07 22:07:46.168,759,614
2024-09-07 22:07:46.176,755,614
2024-09-07 22:07:46.184,750,614
2024-09-07 22:07:46.192,746,614
2024-09-07 22:07:46.200,743,614
2024-09-07 22:07:46.208,739,614
2024-09-07 22:07:46.287,736,615
2024-09-07 22:07:46.632,735,618
2024-09-07 22:07:46.680,733,620
2024-09-07 22:07:46.687,733,623
2024-09-07 22:07:47.040,733,623
2024-09-07 22:07:47.048,737,622
2024-09-07 22:07:47.056,739,620
2024-09-07 22:07:47.064,744,617
2024-09-07 22:07:47.071,749,615
2024-09-07 22:07:47.080,756,612
2024-09-07 22:07:47.087,764,608
2024-09-07 22:07:47.095,773,606
2024-09-07 22:07:47.104,783,602
2024-09-07 22:07:47.111,794,596
2024-09-07 22:07:47.119,804,591
2024-09-07 22:07:47.128,814,587
2024-09-07 22:07:47.135,823,583
2024-09-07 22:07:47.143,832,581
2024-09-07 22:07:47.151,841,580
2024-09-07 22:07:47.159,851,580
2024-09-07 22:07:47.167,861,580
2024-09-07 22:07:47.175,872,580
2024-09-07 22:07:47.183,883,580
2024-09-07 22:07:47.191,896,583
2024-09-07 22:07:47.199,908,588
2024-09-07 22:07:47.207,919,591
2024-09-07 22:07:47.215,929,595
2024-09-07 22:07:47.223,938,600
2024-09-07 22:07:47.231,946,603
2024-09-07 22:07:47.239,952,605
2024-09-07 22:07:47.247,956,608
2024-09-07 22:07:47.255,961,609
2024-09-07 22:07:47.263,966,610
2024-09-07 22:07:47.279,969,611
2024-09-07 22:07:47.407,972,613
2024-09-07 22:07:47.751,974,615
2024-09-07 22:07:47.760,977,616
2024-09-07 22:07:47.768,979,618
2024-09-07 22:07:47.776,982,620
2024-09-07 22:07:47.783,986,623
2024-09-07 22:07:47.791,992,626
2024-09-07 22:07:47.800,997,630
2024-09-07 22:07:47.808,1003,635
2024-09-07 22:07:47.816,1009,640
2024-09-07 22:07:47.823,1013,644
2024-09-07 22:07:47.831,1017,646
2024-09-07 22:07:47.840,1019,649
2024-09-07 22:07:47.864,1022,651
2024-09-07 22:07:47.880,1024,654
2024-09-07 22:07:48.032,1027,656
2024-09-07 22:07:48.071,1029,659
2024-09-07 22:07:48.240,1032,660
2024-09-07 22:07:48.704,1029,660
2024-09-07 22:07:48.712,1023,660
2024-09-07 22:07:48.719,1014,657
2024-09-07 22:07:48.727,1004,653
2024-09-07 22:07:48.735,995,651
2024-09-07 22:07:48.743,985,650
2024-09-07 22:07:48.751,975,647
2024-09-07 22:07:48.759,964,645
2024-09-07 22:07:48.767,954,645
2024-09-07 22:07:48.776,945,642
2024-09-07 22:07:48.784,935,642
2024-09-07 22:07:48.792,925,642
2024-09-07 22:07:48.799,914,640
2024-09-07 22:07:48.808,904,640
2024-09-07 22:07:48.816,894,637
2024-09-07 22:07:48.824,883,635
2024-09-07 22:07:48.832,871,635
2024-09-07 22:07:48.839,860,632
2024-09-07 22:07:48.848,849,632
2024-09-07 22:07:48.855,836,630
2024-09-07 22:07:48.864,826,630
2024-09-07 22:07:48.872,815,627
2024-09-07 22:07:48.880,804,625
2024-09-07 22:07:48.888,795,622
2024-09-07 22:07:48.896,785,620
2024-09-07 22:07:48.903,776,617
2024-09-07 22:07:48.912,771,615
2024-09-07 22:07:48.919,766,612
2024-09-07 22:07:48.928,763,610
2024-09-07 22:07:48.935,759,607
2024-09-07 22:07:48.951,758,605
2024-09-07 22:07:48.959,754,601
2024-09-07 22:07:48.967,753,597
2024-09-07 22:07:48.975,750,591
2024-09-07 22:07:48.984,750,585
2024-09-07 22:07:48.992,748,576
2024-09-07 22:07:48.999,748,567
2024-09-07 22:07:49.007,748,558
2024-09-07 22:07:49.015,745,547
2024-09-07 22:07:49.024,745,535
2024-09-07 22:07:49.032,745,522
2024-09-07 22:07:49.040,745,510
2024-09-07 22:07:49.048,745,497
2024-09-07 22:07:49.055,745,485
2024-09-07 22:07:49.064,745,472
2024-09-07 22:07:49.071,746,461
2024-09-07 22:07:49.080,747,452
2024-09-07 22:07:49.088,747,443
2024-09-07 22:07:49.096,748,437
2024-09-07 22:07:49.103,749,432
2024-09-07 22:07:49.112,749,428
2024-09-07 22:07:49.456,748,429
2024-09-07 22:07:49.471,748,430
2024-09-07 22:07:49.855,748,433
2024-09-07 22:07:49.920,748,435
2024-09-07 22:07:49.951,748,438
2024-09-07 22:07:50.112,748,440
2024-09-07 22:07:50.143,748,443
2024-09-07 22:07:50.175,745,445
2024-09-07 22:07:50.976,743,448
2024-09-07 22:07:50.984,739,449
2024-09-07 22:07:50.992,736,450
2024-09-07 22:07:50.998,733,453
2024-09-07 22:07:51.007,728,455
2024-09-07 22:07:51.015,721,458
2024-09-07 22:07:51.023,713,461
2024-09-07 22:07:51.031,701,466
2024-09-07 22:07:51.040,689,471
2024-09-07 22:07:51.048,679,475
2024-09-07 22:07:51.055,668,480
2024-09-07 22:07:51.064,658,483
2024-09-07 22:07:51.071,646,485
2024-09-07 22:07:51.080,638,486
2024-09-07 22:07:51.087,626,489
2024-09-07 22:07:51.095,618,491
2024-09-07 22:07:51.103,609,494
2024-09-07 22:07:51.112,603,496
2024-09-07 22:07:51.119,598,498
2024-09-07 22:07:51.135,594,499
2024-09-07 22:07:51.151,591,499
2024-09-07 22:07:51.160,589,500
2024-09-07 22:07:53.807,589,503
2024-09-07 22:07:53.823,591,504
2024-09-07 22:07:53.832,593,504
2024-09-07 22:07:53.840,596,504
2024-09-07 22:07:53.847,598,504
2024-09-07 22:07:53.855,601,505
2024-09-07 22:07:53.863,603,506
2024-09-07 22:07:53.871,606,506
2024-09-07 22:07:53.880,608,508
2024-09-07 22:07:53.887,611,509
2024-09-07 22:07:53.896,613,510
2024-09-07 22:07:53.903,616,511
2024-09-07 22:07:53.912,619,513
2024-09-07 22:07:53.919,622,514
2024-09-07 22:07:53.928,627,516
2024-09-07 22:07:53.935,631,519
2024-09-07 22:07:53.944,638,523
2024-09-07 22:07:53.951,643,526
2024-09-07 22:07:53.959,651,529
2024-09-07 22:07:53.967,656,531
2024-09-07 22:07:53.976,662,535
2024-09-07 22:07:53.983,667,540
2024-09-07 22:07:53.992,672,545
2024-09-07 22:07:53.999,678,550
2024-09-07 22:07:54.007,684,555
2024-09-07 22:07:54.015,689,559
2024-09-07 22:07:54.023,694,561
2024-09-07 22:07:54.031,698,564
2024-09-07 22:07:54.039,703,566
2024-09-07 22:07:54.048,707,569
2024-09-07 22:07:54.056,709,570
2024-09-07 22:07:54.176,712,571
2024-09-07 22:07:54.216,714,571
2024-09-07 22:07:54.264,717,571
2024-09-07 22:07:54.296,719,571
2024-09-07 22:07:54.359,722,571
2024-09-07 22:07:54.376,724,571
2024-09-07 22:07:54.408,727,571
2024-09-07 22:07:54.463,729,571
2024-09-07 22:07:54.672,732,571
2024-09-07 22:07:54.808,736,571
2024-09-07 22:07:54.816,738,573
2024-09-07 22:07:54.832,739,575
2024-09-07 22:07:54.839,741,576
2024-09-07 22:07:54.848,742,578
2024-09-07 22:07:55.608,742,579
2024-09-07 22:07:55.719,740,579
2024-09-07 22:07:55.735,740,577
2024-09-07 22:07:55.742,740,575
2024-09-07 22:07:55.751,740,572
2024-09-07 22:07:55.759,740,570
2024-09-07 22:07:55.767,740,566
2024-09-07 22:07:55.776,740,562
2024-09-07 22:07:55.783,740,557
2024-09-07 22:07:55.792,742,552
2024-09-07 22:07:55.799,743,546
2024-09-07 22:07:55.807,747,541
2024-09-07 22:07:55.816,748,536
2024-09-07 22:07:55.823,752,528
2024-09-07 22:07:55.831,756,521
2024-09-07 22:07:55.839,759,513
2024-09-07 22:07:55.848,764,506
2024-09-07 22:07:55.855,769,498
2024-09-07 22:07:55.864,774,490
2024-09-07 22:07:55.871,781,481
2024-09-07 22:07:55.880,788,473
2024-09-07 22:07:55.887,796,465
2024-09-07 22:07:55.896,804,456
2024-09-07 22:07:55.904,811,447
2024-09-07 22:07:55.911,818,438
2024-09-07 22:07:55.919,824,430
2024-09-07 22:07:55.928,831,422
2024-09-07 22:07:55.935,837,416
2024-09-07 22:07:55.943,842,411
2024-09-07 22:07:55.951,847,406
2024-09-07 22:07:55.959,851,402
2024-09-07 22:07:55.967,854,398
2024-09-07 22:07:55.975,858,396
2024-09-07 22:07:55.983,862,393
2024-09-07 22:07:55.991,864,392
2024-09-07 22:07:56.000,868,390
2024-09-07 22:07:56.007,872,390
2024-09-07 22:07:56.015,874,387
2024-09-07 22:07:56.023,877,387
2024-09-07 22:07:56.032,879,385
2024-09-07 22:07:56.056,882,385
2024-09-07 22:07:56.079,884,385
2024-09-07 22:07:56.087,887,385
2024-09-07 22:07:56.104,889,385
2024-09-07 22:07:56.111,892,385
2024-09-07 22:07:56.118,894,385
2024-09-07 22:07:56.127,897,385
2024-09-07 22:07:56.135,899,386
2024-09-07 22:07:56.143,902,388
2024-09-07 22:07:56.151,904,390
2024-09-07 22:07:56.159,908,393
2024-09-07 22:07:56.167,912,395
2024-09-07 22:07:56.175,916,399
2024-09-07 22:07:56.183,919,401
2024-09-07 22:07:56.191,923,404
2024-09-07 22:07:56.199,928,408
2024-09-07 22:07:56.207,933,414
2024-09-07 22:07:56.215,938,420
2024-09-07 22:07:56.223,943,426
2024-09-07 22:07:56.231,948,433
2024-09-07 22:07:56.239,953,439
2024-09-07 22:07:56.247,958,445
2024-09-07 22:07:56.255,964,453
2024-09-07 22:07:56.263,969,459
2024-09-07 22:07:56.271,974,465
2024-09-07 22:07:56.279,979,473
2024-09-07 22:07:56.287,984,479
2024-09-07 22:07:56.295,991,486
2024-09-07 22:07:56.303,996,493
2024-09-07 22:07:56.312,1002,501
2024-09-07 22:07:56.318,1008,509
2024-09-07 22:07:56.328,1013,515
2024-09-07 22:07:56.334,1019,523
2024-09-07 22:07:56.343,1026,530
2024-09-07 22:07:56.351,1032,536
2024-09-07 22:07:56.360,1036,541
2024-09-07 22:07:56.367,1042,546
2024-09-07 22:07:56.375,1047,551
2024-09-07 22:07:56.383,1053,558
2024-09-07 22:07:56.391,1059,564
2024-09-07 22:07:56.400,1064,569
2024-09-07 22:07:56.407,1069,573
2024-09-07 22:07:56.416,1076,579
2024-09-07 22:07:56.423,1081,581
2024-09-07 22:07:56.432,1087,585
2024-09-07 22:07:56.439,1091,589
2024-09-07 22:07:56.448,1096,591
2024-09-07 22:07:56.455,1101,594
2024-09-07 22:07:56.464,1106,598
2024-09-07 22:07:56.471,1109,600
2024-09-07 22:07:56.480,1113,603
2024-09-07 22:07:56.487,1117,605
2024-09-07 22:07:56.512,1119,608
2024-09-07 22:07:56.528,1123,609
2024-09-07 22:07:56.552,1127,610
2024-09-07 22:07:56.575,1129,611
2024-09-07 22:07:56.583,1132,613
2024-09-07 22:07:56.984,1133,615
2024-09-07 22:07:57.503,1133,615
2024-09-07 22:07:57.791,1130,612
2024-09-07 22:07:57.808,1128,610
2024-09-07 22:07:58.040,1125,607
2024-09-07 22:08:00.440,1127,608
2024-09-07 22:08:00.448,1129,609
2024-09-07 22:08:00.456,1136,611
2024-09-07 22:08:00.464,1148,616
2024-09-07 22:08:00.472,1164,623
2024-09-07 22:08:00.479,1182,629
2024-09-07 22:08:00.487,1202,631
2024-09-07 22:08:00.495,1227,633
2024-09-07 22:08:00.503,1251,634
2024-09-07 22:08:00.511,1274,634
2024-09-07 22:08:00.518,1294,634
2024-09-07 22:08:00.527,1309,634
2024-09-07 22:08:00.535,1323,632
2024-09-07 22:08:00.544,1338,632
2024-09-07 22:08:00.551,1347,632
2024-09-07 22:08:00.560,1356,632
2024-09-07 22:08:00.567,1364,632
2024-09-07 22:08:00.576,1371,632
2024-09-07 22:08:00.583,1377,632
2024-09-07 22:08:00.592,1381,632
2024-09-07 22:08:00.600,1384,632
2024-09-07 22:08:00.632,1387,630
2024-09-07 22:08:00.679,1389,627
2024-09-07 22:08:00.743,1392,625
2024-09-07 22:08:00.919,1394,625
2024-09-07 22:08:00.935,1397,625
2024-09-07 22:08:00.943,1399,625
2024-09-07 22:08:00.951,1402,625
2024-09-07 22:08:01.031,1400,625
2024-09-07 22:08:01.039,1398,626
2024-09-07 22:08:01.055,1395,628
2024-09-07 22:08:01.071,1393,628
2024-09-07 22:08:01.103,1390,627
2024-09-07 22:08:01.160,1388,625
2024-09-07 22:08:01.399,1388,622
2024-09-07 22:08:03.184,1385,622
2024-09-07 22:08:03.328,1385,623
2024-09-07 22:08:04.896,1383,624
2024-09-07 22:08:08.096,1380,622
2024-09-07 22:08:08.216,1380,620
2024-09-07 22:08:08.255,1380,617
2024-09-07 22:08:08.263,1381,615
2024-09-07 22:08:08.271,1383,612
2024-09-07 22:08:08.279,1384,610
2024-09-07 22:08:08.287,1386,606
2024-09-07 22:08:08.535,1388,603
2024-09-07 22:08:08.551,1389,601
2024-09-07 22:08:08.607,1389,598
2024-09-07 22:08:08.616,1389,596
2024-09-07 22:08:08.632,1389,593
2024-09-07 22:08:08.688,1389,591
2024-09-07 22:08:08.975,1389,588
2024-09-07 22:08:08.984,1389,586
2024-09-07 22:08:08.991,1389,583
2024-09-07 22:08:08.999,1389,581
2024-09-07 22:08:09.023,1388,578
2024-09-07 22:08:09.087,1384,577
2024-09-07 22:08:09.103,1381,577
2024-09-07 22:08:09.112,1379,577
2024-09-07 22:08:09.119,1375,578
2024-09-07 22:08:09.335,1373,578
2024-09-07 22:08:09.344,1370,577
2024-09-07 22:08:09.351,1368,577
2024-09-07 22:08:09.360,1365,575
2024-09-07 22:08:09.368,1363,572
2024-09-07 22:08:09.376,1360,570
2024-09-07 22:08:09.383,1358,570
2024-09-07 22:08:09.392,1351,566
2024-09-07 22:08:09.399,1345,562
2024-09-07 22:08:09.407,1334,556
2024-09-07 22:08:09.416,1321,548
2024-09-07 22:08:09.423,1304,541
2024-09-07 22:08:09.431,1286,535
2024-09-07 22:08:09.439,1266,526
2024-09-07 22:08:09.448,1244,517
2024-09-07 22:08:09.456,1219,507
2024-09-07 22:08:09.464,1194,498
2024-09-07 22:08:09.472,1165,490
2024-09-07 22:08:09.480,1135,480
2024-09-07 22:08:09.487,1104,470
2024-09-07 22:08:09.496,1075,462
2024-09-07 22:08:09.503,1049,456
2024-09-07 22:08:09.512,1026,451
2024-09-07 22:08:09.519,1006,446
2024-09-07 22:08:09.528,990,441
2024-09-07 22:08:09.535,975,437
2024-09-07 22:08:09.544,965,435
2024-09-07 22:08:09.551,958,432
2024-09-07 22:08:09.560,951,432
2024-09-07 22:08:09.567,948,432
2024-09-07 22:08:09.576,944,432
2024-09-07 22:08:09.583,941,430
2024-09-07 22:08:09.592,939,430
2024-09-07 22:08:09.600,936,430
2024-09-07 22:08:09.608,933,430
2024-09-07 22:08:09.615,929,430
2024-09-07 22:08:09.624,926,430
2024-09-07 22:08:09.631,924,430
2024-09-07 22:08:09.640,921,430
2024-09-07 22:08:09.648,919,430
2024-09-07 22:08:09.664,916,430
2024-09-07 22:08:09.911,914,430
2024-09-07 22:08:09.935,911,430
2024-09-07 22:08:09.944,909,430
2024-09-07 22:08:09.951,906,434
2024-09-07 22:08:09.959,903,440
2024-09-07 22:08:09.967,899,449
2024-09-07 22:08:09.976,894,456
2024-09-07 22:08:09.983,889,464
2024-09-07 22:08:09.992,881,474
2024-09-07 22:08:10.000,874,484
2024-09-07 22:08:10.007,865,495
2024-09-07 22:08:10.015,856,508
2024-09-07 22:08:10.023,848,519
2024-09-07 22:08:10.031,839,528
2024-09-07 22:08:10.039,834,536
2024-09-07 22:08:10.048,829,543
2024-09-07 22:08:10.055,825,548
2024-09-07 22:08:10.311,821,551
2024-09-07 22:08:10.504,819,553
2024-09-07 22:08:10.912,818,555
2024-09-07 22:08:10.919,815,558
2024-09-07 22:08:10.935,815,560
2024-09-07 22:08:10.944,815,563
2024-09-07 22:08:11.144,813,564
2024-09-07 22:08:11.168,810,564
2024-09-07 22:08:11.176,808,564
2024-09-07 22:08:11.183,805,564
2024-09-07 22:08:11.192,801,562
2024-09-07 22:08:11.200,799,562
2024-09-07 22:08:11.208,795,560
2024-09-07 22:08:11.215,790,557
2024-09-07 22:08:11.224,785,557
2024-09-07 22:08:11.232,780,557
2024-09-07 22:08:11.240,776,555
2024-09-07 22:08:11.247,774,555
2024-09-07 22:08:11.255,771,555
2024-09-07 22:08:11.264,768,555
2024-09-07 22:08:11.272,763,555
2024-09-07 22:08:11.279,758,555
2024-09-07 22:08:11.287,751,555
2024-09-07 22:08:11.295,745,555
2024-09-07 22:08:11.303,739,555
2024-09-07 22:08:11.312,733,555
2024-09-07 22:08:11.320,725,555
2024-09-07 22:08:11.328,716,555
2024-09-07 22:08:11.335,710,555
2024-09-07 22:08:11.344,701,556
2024-09-07 22:08:11.352,694,556
2024-09-07 22:08:11.360,688,556
2024-09-07 22:08:11.368,680,558
2024-09-07 22:08:11.376,674,559
2024-09-07 22:08:11.384,670,559
2024-09-07 22:08:11.392,665,559
2024-09-07 22:08:11.400,661,559
2024-09-07 22:08:11.432,659,559
2024-09-07 22:08:11.447,656,559
2024-09-07 22:08:12.943,656,560
2024-09-07 22:08:13.815,656,563
2024-09-07 22:08:13.847,656,565
2024-09-07 22:08:13.855,655,568
2024-09-07 22:08:13.863,653,570
2024-09-07 22:08:13.871,646,575
2024-09-07 22:08:13.879,638,581
2024-09-07 22:08:13.887,625,590
2024-09-07 22:08:13.895,608,601
2024-09-07 22:08:13.903,590,613
2024-09-07 22:08:13.911,569,625
2024-09-07 22:08:13.919,549,635
2024-09-07 22:08:13.927,530,645
2024-09-07 22:08:13.935,511,653
2024-09-07 22:08:13.943,496,659
2024-09-07 22:08:13.951,484,664
2024-09-07 22:08:13.959,473,668
2024-09-07 22:08:13.967,461,671
2024-09-07 22:08:13.975,454,674
2024-09-07 22:08:13.983,448,675
2024-09-07 22:08:13.991,441,678
2024-09-07 22:08:13.999,438,679
2024-09-07 22:08:14.352,438,679
2024-09-07 22:08:14.360,441,679
2024-09-07 22:08:14.368,443,679
2024-09-07 22:08:14.376,446,679
2024-09-07 22:08:14.383,449,679
2024-09-07 22:08:14.392,453,679
2024-09-07 22:08:14.399,457,679
2024-09-07 22:08:14.408,461,679
2024-09-07 22:08:14.416,464,679
2024-09-07 22:08:14.424,467,679
2024-09-07 22:08:14.431,469,679
2024-09-07 22:08:14.439,472,679
2024-09-07 22:08:14.448,474,679
2024-09-07 22:08:14.472,477,679
2024-09-07 22:08:14.512,479,679
2024-09-07 22:08:14.535,482,679
2024-09-07 22:08:15.728,484,679
2024-09-07 22:08:15.735,487,679
2024-09-07 22:08:15.744,489,679
2024-09-07 22:08:15.751,492,680
2024-09-07 22:08:15.767,494,683
2024-09-07 22:08:15.776,497,684
2024-09-07 22:08:15.783,499,685
2024-09-07 22:08:15.792,502,686
2024-09-07 22:08:15.800,504,688
2024-09-07 22:08:15.815,507,689
2024-09-07 22:08:17.111,509,690
2024-09-07 22:08:17.856,512,691
2024-09-07 22:08:17.871,514,691
2024-09-07 22:08:17.888,517,691
2024-09-07 22:08:17.895,519,693
2024-09-07 22:08:17.928,522,695
2024-09-07 22:08:17.944,524,696
2024-09-07 22:08:17.960,527,696
2024-09-07 22:08:18.200,529,698
2024-09-07 22:08:18.232,532,700
2024-09-07 22:08:18.264,534,701
2024-09-07 22:08:18.296,537,701
2024-09-07 22:08:18.432,539,701
2024-09-07 22:08:18.439,543,701
2024-09-07 22:08:18.448,549,703
2024-09-07 22:08:18.455,554,705
2024-09-07 22:08:18.463,561,708
2024-09-07 22:08:18.471,568,710
2024-09-07 22:08:18.479,576,713
2024-09-07 22:08:18.487,584,716
2024-09-07 22:08:18.496,592,720
2024-09-07 22:08:18.504,599,724
2024-09-07 22:08:18.512,608,728
2024-09-07 22:08:18.519,616,731
2024-09-07 22:08:18.528,621,733
2024-09-07 22:08:18.535,626,735
2024-09-07 22:08:18.544,629,738
2024-09-07 22:08:18.551,632,739
2024-09-07 22:08:18.568,634,739
2024-09-07 22:08:19.031,637,740
2024-09-07 22:08:19.496,639,740
2024-09-07 22:08:20.184,639,740
2024-09-07 22:08:20.207,638,740
2024-09-07 22:08:20.232,635,740
2024-09-07 22:08:20.448,633,740
2024-09-07 22:08:20.528,630,737
2024-09-07 22:08:20.632,628,737
2024-09-07 22:08:21.712,625,737
2024-09-07 22:08:21.728,623,735
2024-09-07 22:08:22.176,620,732
2024-09-07 22:08:22.847,620,730
2024-09-07 22:08:22.863,620,727
2024-09-07 22:08:22.871,620,725
2024-09-07 22:08:22.879,618,722
2024-09-07 22:08:23.480,615,720
2024-09-07 22:08:23.488,615,717
2024-09-07 22:08:23.496,615,715
2024-09-07 22:08:23.535,611,712
2024-09-07 22:08:23.671,610,710
2024-09-07 22:08:23.679,608,707
2024-09-07 22:08:23.687,605,702
2024-09-07 22:08:23.696,603,697
2024-09-07 22:08:23.703,600,692
2024-09-07 22:08:23.712,600,688
2024-09-07 22:08:24.696,600,689
2024-09-07 22:08:24.712,600,690
2024-09-07 22:08:25.168,600,693
2024-09-07 22:08:26.048,600,695
2024-09-07 22:08:27.888,600,695
2024-09-07 22:08:27.912,600,692
2024-09-07 22:08:27.951,598,690
2024-09-07 22:08:29.159,598,687
2024-09-07 22:08:29.175,598,685
2024-09-07 22:08:29.184,598,682
2024-09-07 22:08:29.192,598,680
2024-09-07 22:08:29.199,598,677
2024-09-07 22:08:29.216,598,675
2024-09-07 22:08:29.239,598,672
2024-09-07 22:08:29.248,598,670
2024-09-07 22:08:29.264,598,667
2024-09-07 22:08:29.287,598,665
2024-09-07 22:08:29.295,598,662
2024-09-07 22:08:29.304,598,660
2024-09-07 22:08:29.311,598,657
2024-09-07 22:08:29.319,598,653
2024-09-07 22:08:29.327,598,651
2024-09-07 22:08:29.335,599,647
2024-09-07 22:08:29.344,599,642
2024-09-07 22:08:29.351,599,638
2024-09-07 22:08:29.360,599,636
2024-09-07 22:08:29.367,599,633
2024-09-07 22:08:29.375,601,631
2024-09-07 22:08:29.392,602,628
2024-09-07 22:08:29.416,602,626
2024-09-07 22:08:29.432,602,623
2024-09-07 22:08:29.440,602,621
2024-09-07 22:08:29.456,602,618
2024-09-07 22:08:29.472,602,616
2024-09-07 22:08:29.584,603,613
2024-09-07 22:08:30.151,604,611
2024-09-07 22:08:30.160,604,608
2024-09-07 22:08:30.175,604,606
2024-09-07 22:08:30.184,604,603
2024-09-07 22:08:30.191,606,600
2024-09-07 22:08:30.200,607,596
2024-09-07 22:08:30.208,607,593
2024-09-07 22:08:30.664,607,591
2024-09-07 22:08:30.800,608,588
2024-09-07 22:08:31.440,609,586
2024-09-07 22:08:31.456,609,583
2024-09-07 22:08:31.480,609,581
2024-09-07 22:08:31.488,609,578
2024-09-07 22:08:31.607,609,577
2024-09-07 22:08:31.616,608,577
2024-09-07 22:08:31.624,605,577
2024-09-07 22:08:31.632,600,577
2024-09-07 22:08:31.640,594,577
2024-09-07 22:08:31.648,588,578
2024-09-07 22:08:31.656,580,579
2024-09-07 22:08:31.664,573,580
2024-09-07 22:08:31.672,565,581
2024-09-07 22:08:31.679,559,583
2024-09-07 22:08:31.687,554,584
2024-09-07 22:08:31.695,549,584
2024-09-07 22:08:31.704,543,584
2024-09-07 22:08:31.711,536,584
2024-09-07 22:08:31.720,530,584
2024-09-07 22:08:31.728,524,584
2024-09-07 22:08:31.734,518,584
2024-09-07 22:08:31.744,510,584
2024-09-07 22:08:31.751,504,584
2024-09-07 22:08:31.760,498,584
2024-09-07 22:08:31.768,491,584
2024-09-07 22:08:31.776,486,582
2024-09-07 22:08:31.784,480,582
2024-09-07 22:08:31.792,473,582
2024-09-07 22:08:31.800,465,580
2024-09-07 22:08:31.808,459,580
2024-09-07 22:08:31.816,453,577
2024-09-07 22:08:31.824,445,577
2024-09-07 22:08:31.832,440,577
2024-09-07 22:08:31.840,436,575
2024-09-07 22:08:31.848,434,575
2024-09-07 22:08:31.871,431,575
2024-09-07 22:08:31.888,429,575
2024-09-07 22:08:31.912,426,575
2024-09-07 22:08:31.944,424,575
2024-09-07 22:08:31.968,421,575
2024-09-07 22:08:31.984,420,578
2024-09-07 22:08:32.000,418,580
2024-09-07 22:08:32.023,418,583
2024-09-07 22:08:32.487,418,582
2024-09-07 22:08:32.567,418,580
2024-09-07 22:08:32.608,421,580
2024-09-07 22:08:32.655,423,577
2024-09-07 22:08:32.680,426,577
2024-09-07 22:08:32.719,428,575
2024-09-07 22:08:32.768,431,572
2024-09-07 22:08:32.824,433,572
2024-09-07 22:08:33.648,436,570
2024-09-07 22:08:33.848,438,567
2024-09-07 22:08:33.888,441,567
2024-09-07 22:08:34.119,443,567
2024-09-07 22:08:34.184,446,567
2024-09-07 22:08:35.664,448,567
2024-09-07 22:08:39.903,452,567
2024-09-07 22:08:40.392,454,565
2024-09-07 22:08:40.400,457,565
2024-09-07 22:08:40.408,461,565
2024-09-07 22:08:40.416,467,562
2024-09-07 22:08:40.423,473,560
2024-09-07 22:08:40.432,482,557
2024-09-07 22:08:40.440,491,555
2024-09-07 22:08:40.448,502,552
2024-09-07 22:08:40.455,513,550
2024-09-07 22:08:40.464,526,547
2024-09-07 22:08:40.471,539,545
2024-09-07 22:08:40.479,553,545
2024-09-07 22:08:40.488,568,541
2024-09-07 22:08:40.496,584,540
2024-09-07 22:08:40.504,603,537
2024-09-07 22:08:40.511,624,535
2024-09-07 22:08:40.519,647,531
2024-09-07 22:08:40.527,669,528
2024-09-07 22:08:40.535,692,526
2024-09-07 22:08:40.543,713,523
2024-09-07 22:08:40.551,736,521
2024-09-07 22:08:40.560,756,520
2024-09-07 22:08:40.567,777,520
2024-09-07 22:08:40.575,797,520
2024-09-07 22:08:40.583,817,520
2024-09-07 22:08:40.591,837,520
2024-09-07 22:08:40.599,857,520
2024-09-07 22:08:40.607,877,520
2024-09-07 22:08:40.615,897,524
2024-09-07 22:08:40.623,916,528
2024-09-07 22:08:40.631,934,533
2024-09-07 22:08:40.639,952,539
2024-09-07 22:08:40.648,968,544
2024-09-07 22:08:40.655,984,549
2024-09-07 22:08:40.664,999,554
2024-09-07 22:08:40.671,1013,560
2024-09-07 22:08:40.679,1026,566
2024-09-07 22:08:40.687,1037,571
2024-09-07 22:08:40.695,1047,576
2024-09-07 22:08:40.703,1056,581
2024-09-07 22:08:40.712,1064,586
2024-09-07 22:08:40.719,1071,590
2024-09-07 22:08:40.728,1077,595
2024-09-07 22:08:40.735,1082,600
2024-09-07 22:08:40.743,1086,603
2024-09-07 22:08:40.751,1089,606
2024-09-07 22:08:40.760,1093,610
2024-09-07 22:08:40.767,1097,614
2024-09-07 22:08:40.776,1099,616
2024-09-07 22:08:40.783,1102,619
2024-09-07 22:08:40.792,1104,621
2024-09-07 22:08:40.799,1106,624
2024-09-07 22:08:40.808,1107,626
2024-09-07 22:08:40.823,1108,629
2024-09-07 22:08:40.840,1109,631
2024-09-07 22:08:40.856,1109,634
2024-09-07 22:08:40.999,1109,635
2024-09-07 22:08:41.007,1108,636
2024-09-07 22:08:41.014,1105,636
2024-09-07 22:08:41.023,1103,636
2024-09-07 22:08:41.031,1100,636
2024-09-07 22:08:41.040,1098,636
2024-09-07 22:08:41.048,1095,636
2024-09-07 22:08:41.055,1093,636
2024-09-07 22:08:41.064,1090,636
2024-09-07 22:08:41.071,1088,636
2024-09-07 22:08:41.079,1085,636
2024-09-07 22:08:41.087,1083,636
2024-09-07 22:08:41.095,1080,636
2024-09-07 22:08:41.103,1078,636
2024-09-07 22:08:41.112,1075,636
2024-09-07 22:08:41.119,1073,636
2024-09-07 22:08:41.135,1070,636
2024-09-07 22:08:41.143,1068,635
2024-09-07 22:08:41.151,1065,635
2024-09-07 22:08:41.160,1063,635
2024-09-07 22:08:41.176,1060,635
2024-09-07 22:08:41.192,1058,632
2024-09-07 22:08:41.207,1055,632
2024-09-07 22:08:41.224,1053,630
2024-09-07 22:08:41.256,1050,630
2024-09-07 22:08:41.319,1048,630
2024-09-07 22:08:41.376,1045,630
2024-09-07 22:08:41.424,1043,630
2024-09-07 22:08:41.703,1040,630
2024-09-07 22:08:41.728,1040,630
2024-09-07 22:08:41.767,1040,633
2024-09-07 22:08:41.904,1040,635
2024-09-07 22:08:41.960,1041,636
2024-09-07 22:08:41.993,1043,636
2024-09-07 22:08:42.032,1046,636
2024-09-07 22:08:42.055,1048,636
2024-09-07 22:08:42.087,1051,636
2024-09-07 22:08:42.128,1053,636
2024-09-07 22:08:42.167,1056,636
2024-09-07 22:08:42.224,1058,636
2024-09-07 22:08:42.296,1061,636
2024-09-07 22:08:42.319,1063,636
2024-09-07 22:08:42.335,1066,636
2024-09-07 22:08:42.360,1068,636
2024-09-07 22:08:42.367,1071,636
2024-09-07 22:08:42.376,1073,636
2024-09-07 22:08:42.384,1076,636
2024-09-07 22:08:42.392,1078,636
2024-09-07 22:08:42.399,1081,636
2024-09-07 22:08:42.415,1083,636
2024-09-07 22:08:42.424,1086,636
2024-09-07 22:08:42.432,1088,636
2024-09-07 22:08:42.440,1091,636
2024-09-07 22:08:42.456,1093,636
2024-09-07 22:08:42.472,1096,636
2024-09-07 22:08:42.487,1098,636
2024-09-07 22:08:42.503,1101,636
2024-09-07 22:08:42.512,1103,636
2024-09-07 22:08:42.527,1106,636
2024-09-07 22:08:42.551,1108,636
2024-09-07 22:08:42.576,1111,636
2024-09-07 22:08:42.600,1113,636
2024-09-07 22:08:42.608,1116,636
2024-09-07 22:08:42.631,1118,636
2024-09-07 22:08:42.648,1121,636
2024-09-07 22:08:42.656,1123,636
2024-09-07 22:08:42.663,1126,636
2024-09-07 22:08:42.672,1128,636
2024-09-07 22:08:42.679,1132,636
2024-09-07 22:08:42.687,1136,636
2024-09-07 22:08:42.696,1141,636
2024-09-07 22:08:42.704,1146,636
2024-09-07 22:08:42.712,1151,636
2024-09-07 22:08:42.719,1156,636
2024-09-07 22:08:42.728,1162,636
2024-09-07 22:08:42.735,1168,636
2024-09-07 22:08:42.744,1174,636
2024-09-07 22:08:42.751,1181,636
2024-09-07 22:08:42.760,1187,636
2024-09-07 22:08:42.768,1192,636
2024-09-07 22:08:42.776,1196,636
2024-09-07 22:08:42.784,1201,636
2024-09-07 22:08:42.792,1204,636
2024-09-07 22:08:42.799,1208,636
2024-09-07 22:08:42.808,1212,636
2024-09-07 22:08:42.816,1214,636
2024-09-07 22:08:42.824,1218,636
2024-09-07 22:08:42.832,1223,636
2024-09-07 22:08:42.840,1228,636
2024-09-07 22:08:42.848,1233,638
2024-09-07 22:08:42.856,1237,639
2024-09-07 22:08:42.864,1241,639
2024-09-07 22:08:42.872,1244,639
2024-09-07 22:08:42.880,1247,639
2024-09-07 22:08:42.887,1249,639
2024-09-07 22:08:42.896,1252,639
2024-09-07 22:08:42.903,1254,639
2024-09-07 22:08:42.919,1257,639
2024-09-07 22:08:42.935,1259,639
2024-09-07 22:08:42.943,1262,639
2024-09-07 22:08:42.950,1264,639
2024-09-07 22:08:42.959,1267,639
2024-09-07 22:08:42.975,1269,639
2024-09-07 22:08:42.992,1272,639
2024-09-07 22:08:43.007,1274,639
2024-09-07 22:08:43.024,1277,639
2024-09-07 22:08:43.032,1279,639
2024-09-07 22:08:43.039,1282,639
2024-09-07 22:08:43.056,1284,639
2024-09-07 22:08:43.072,1287,639
2024-09-07 22:08:43.080,1289,639
2024-09-07 22:08:43.096,1292,639
2024-09-07 22:08:43.103,1294,639
2024-09-07 22:08:43.111,1297,639
2024-09-07 22:08:43.127,1299,639
2024-09-07 22:08:43.135,1302,639
2024-09-07 22:08:43.143,1304,639
2024-09-07 22:08:43.151,1307,639
2024-09-07 22:08:43.160,1309,639
2024-09-07 22:08:43.176,1312,639
2024-09-07 22:08:43.200,1314,639
2024-09-07 22:08:43.208,1317,639
2024-09-07 22:08:43.224,1319,639
2024-09-07 22:08:43.239,1322,639
2024-09-07 22:08:43.272,1324,639
2024-09-07 22:08:43.512,1323,639
2024-09-07 22:08:43.519,1318,639
2024-09-07 22:08:43.528,1313,639
2024-09-07 22:08:43.535,1306,639
2024-09-07 22:08:43.543,1300,639
2024-09-07 22:08:43.551,1294,639
2024-09-07 22:08:43.560,1289,639
2024-09-07 22:08:43.567,1283,637
2024-09-07 22:08:43.575,1276,637
2024-09-07 22:08:43.583,1270,637
2024-09-07 22:08:43.592,1263,637
2024-09-07 22:08:43.600,1256,637
2024-09-07 22:08:43.608,1250,637
2024-09-07 22:08:43.616,1243,637
2024-09-07 22:08:43.624,1235,637
2024-09-07 22:08:43.632,1229,637
2024-09-07 22:08:43.639,1223,637
2024-09-07 22:08:43.647,1215,637
2024-09-07 22:08:43.655,1206,637
2024-09-07 22:08:43.663,1198,637
2024-09-07 22:08:43.671,1188,637
2024-09-07 22:08:43.680,1179,637
2024-09-07 22:08:43.687,1171,637
2024-09-07 22:08:43.695,1163,637
2024-09-07 22:08:43.702,1153,637
2024-09-07 22:08:43.711,1144,637
2024-09-07 22:08:43.719,1136,637
2024-09-07 22:08:43.728,1128,637
2024-09-07 22:08:43.735,1119,637
2024-09-07 22:08:43.743,1110,637
2024-09-07 22:08:43.751,1101,637
2024-09-07 22:08:43.759,1094,637
2024-09-07 22:08:43.767,1086,637
2024-09-07 22:08:43.776,1080,637
2024-09-07 22:08:43.784,1073,637
2024-09-07 22:08:43.791,1065,637
2024-09-07 22:08:43.799,1059,637
2024-09-07 22:08:43.808,1053,637
2024-09-07 22:08:43.816,1045,637
2024-09-07 22:08:43.823,1039,637
2024-09-07 22:08:43.831,1033,637
2024-09-07 22:08:43.839,1025,637
2024-09-07 22:08:43.847,1019,637
2024-09-07 22:08:43.855,1013,637
2024-09-07 22:08:43.864,1006,637
2024-09-07 22:08:43.872,1001,637
2024-09-07 22:08:43.879,995,637
2024-09-07 22:08:43.887,989,637
2024-09-07 22:08:43.895,983,638
2024-09-07 22:08:43.903,975,639
2024-09-07 22:08:43.912,968,639
2024-09-07 22:08:43.919,960,639
2024-09-07 22:08:43.928,953,640
2024-09-07 22:08:43.935,944,641
2024-09-07 22:08:43.944,936,641
2024-09-07 22:08:43.950,928,643
2024-09-07 22:08:43.960,919,644
2024-09-07 22:08:43.968,910,644
2024-09-07 22:08:43.976,901,645
2024-09-07 22:08:43.984,893,646
2024-09-07 22:08:43.991,884,648
2024-09-07 22:08:43.999,875,650
2024-09-07 22:08:44.007,865,651
2024-09-07 22:08:44.015,855,653
2024-09-07 22:08:44.023,846,654
2024-09-07 22:08:44.031,838,655
2024-09-07 22:08:44.039,828,658
2024-09-07 22:08:44.048,819,659
2024-09-07 22:08:44.056,811,660
2024-09-07 22:08:44.064,805,661
2024-09-07 22:08:44.071,799,661
2024-09-07 22:08:44.080,794,661
2024-09-07 22:08:44.088,789,663
2024-09-07 22:08:44.096,785,664
2024-09-07 22:08:44.103,780,664
2024-09-07 22:08:44.110,776,664
2024-09-07 22:08:44.119,773,664
2024-09-07 22:08:44.128,769,664
2024-09-07 22:08:44.135,766,665
2024-09-07 22:08:44.144,763,666
2024-09-07 22:08:44.151,759,666
2024-09-07 22:08:44.160,756,666
2024-09-07 22:08:44.167,754,666
2024-09-07 22:08:44.176,751,666
2024-09-07 22:08:44.184,749,666
2024-09-07 22:08:44.192,746,666
2024-09-07 22:08:44.199,744,666
2024-09-07 22:08:44.208,741,666
2024-09-07 22:08:44.216,739,666
2024-09-07 22:08:44.224,736,666
2024-09-07 22:08:44.232,734,666
2024-09-07 22:08:44.240,731,666
2024-09-07 22:08:44.248,729,666
2024-09-07 22:08:44.255,726,666
2024-09-07 22:08:44.272,724,666
2024-09-07 22:08:44.279,721,666
2024-09-07 22:08:44.295,719,666
2024-09-07 22:08:44.311,716,666
2024-09-07 22:08:44.328,714,666
2024-09-07 22:08:44.344,711,666
2024-09-07 22:08:44.360,709,666
2024-09-07 22:08:44.376,706,666
2024-09-07 22:08:44.392,704,666
2024-09-07 22:08:44.399,701,666
2024-09-07 22:08:44.415,699,666
2024-09-07 22:08:44.424,696,666
2024-09-07 22:08:44.440,694,666
2024-09-07 22:08:44.456,691,666
2024-09-07 22:08:44.464,689,666
2024-09-07 22:08:44.480,686,666
2024-09-07 22:08:44.487,684,666
2024-09-07 22:08:44.495,681,666
2024-09-07 22:08:44.544,678,665
2024-09-07 22:08:44.904,675,662
2024-09-07 22:08:44.928,675,660
2024-09-07 22:08:44.944,675,657
2024-09-07 22:08:44.960,675,655
2024-09-07 22:08:44.976,675,652
2024-09-07 22:08:45.023,673,650
2024-09-07 22:08:45.048,673,647
2024-09-07 22:08:45.207,673,645
2024-09-07 22:08:45.287,673,642
2024-09-07 22:08:45.312,673,640
2024-09-07 22:08:45.320,673,637
2024-09-07 22:08:45.328,673,635
2024-09-07 22:08:45.335,673,632
2024-09-07 22:08:45.343,673,630
2024-09-07 22:08:45.351,673,626
2024-09-07 22:08:45.360,673,623
2024-09-07 22:08:45.367,673,620
2024-09-07 22:08:45.376,673,616
2024-09-07 22:08:45.408,676,613
2024-09-07 22:08:45.415,678,612
2024-09-07 22:08:45.423,682,612
2024-09-07 22:08:45.431,686,612
2024-09-07 22:08:45.439,691,612
2024-09-07 22:08:45.447,697,612
2024-09-07 22:08:45.456,704,612
2024-09-07 22:08:45.464,713,612
2024-09-07 22:08:45.472,724,612
2024-09-07 22:08:45.480,737,612
2024-09-07 22:08:45.487,753,614
2024-09-07 22:08:45.495,774,616
2024-09-07 22:08:45.503,797,621
2024-09-07 22:08:45.512,821,628
2024-09-07 22:08:45.519,846,636
2024-09-07 22:08:45.528,869,644
2024-09-07 22:08:45.535,893,653
2024-09-07 22:08:45.544,913,661
2024-09-07 22:08:45.550,929,668
2024-09-07 22:08:45.560,942,674
2024-09-07 22:08:45.568,953,680
2024-09-07 22:08:45.576,962,685
2024-09-07 22:08:45.583,967,688
2024-09-07 22:08:45.591,971,690
2024-09-07 22:08:45.735,974,690
2024-09-07 22:08:45.776,976,690
2024-09-07 22:08:45.856,978,687
2024-09-07 22:08:45.912,981,685
2024-09-07 22:08:45.944,983,682
2024-09-07 22:08:46.735,983,682
2024-09-07 22:08:46.744,978,682
2024-09-07 22:08:46.750,973,682
2024-09-07 22:08:46.760,968,682
2024-09-07 22:08:46.767,963,682
2024-09-07 22:08:46.776,956,682
2024-09-07 22:08:46.784,950,682
2024-09-07 22:08:46.792,944,682
2024-09-07 22:08:46.800,938,682
2024-09-07 22:08:46.808,930,682
2024-09-07 22:08:46.816,921,682
2024-09-07 22:08:46.823,913,682
2024-09-07 22:08:46.832,901,682
2024-09-07 22:08:46.839,888,682
2024-09-07 22:08:46.847,873,680
2024-09-07 22:08:46.856,856,677
2024-09-07 22:08:46.864,840,673
2024-09-07 22:08:46.871,825,672
2024-09-07 22:08:46.880,811,670
2024-09-07 22:08:46.887,800,666
2024-09-07 22:08:46.896,789,663
2024-09-07 22:08:46.904,780,660
2024-09-07 22:08:46.912,771,656
2024-09-07 22:08:46.919,765,653
2024-09-07 22:08:46.928,756,650
2024-09-07 22:08:46.935,751,646
2024-09-07 22:08:46.944,748,645
2024-09-07 22:08:46.951,743,641
2024-09-07 22:08:46.967,738,637
2024-09-07 22:08:46.976,735,633
2024-09-07 22:08:46.991,733,631
2024-09-07 22:08:47.151,730,628
2024-09-07 22:08:47.192,730,627
2024-09-07 22:08:47.200,731,627
2024-09-07 22:08:47.208,734,627
2024-09-07 22:08:47.216,739,627
2024-09-07 22:08:47.224,748,627
2024-09-07 22:08:47.232,761,627
2024-09-07 22:08:47.240,774,627
2024-09-07 22:08:47.248,791,627
2024-09-07 22:08:47.255,809,627
2024-09-07 22:08:47.263,827,627
2024-09-07 22:08:47.271,847,625
2024-09-07 22:08:47.280,864,625
2024-09-07 22:08:47.288,883,625
2024-09-07 22:08:47.296,903,625
2024-09-07 22:08:47.304,924,622
2024-09-07 22:08:47.312,944,622
2024-09-07 22:08:47.320,967,622
2024-09-07 22:08:47.328,991,622
2024-09-07 22:08:47.335,1014,620
2024-09-07 22:08:47.344,1034,617
2024-09-07 22:08:47.351,1056,617
2024-09-07 22:08:47.360,1074,615
2024-09-07 22:08:47.367,1091,615
2024-09-07 22:08:47.376,1107,615
2024-09-07 22:08:47.383,1122,615
2024-09-07 22:08:47.392,1136,615
2024-09-07 22:08:47.399,1151,615
2024-09-07 22:08:47.408,1166,615
2024-09-07 22:08:47.415,1179,615
2024-09-07 22:08:47.424,1192,615
2024-09-07 22:08:47.432,1206,615
2024-09-07 22:08:47.439,1219,615
2024-09-07 22:08:47.447,1231,618
2024-09-07 22:08:47.456,1241,620
2024-09-07 22:08:47.464,1251,623
2024-09-07 22:08:47.472,1258,624
2024-09-07 22:08:47.480,1266,624
2024-09-07 22:08:47.487,1271,624
2024-09-07 22:08:47.496,1276,624
2024-09-07 22:08:47.503,1279,624
2024-09-07 22:08:47.511,1283,624
2024-09-07 22:08:47.520,1287,625
2024-09-07 22:08:47.527,1289,626
2024-09-07 22:08:47.535,1292,626
2024-09-07 22:08:47.544,1294,626
2024-09-07 22:08:47.551,1298,626
2024-09-07 22:08:48.015,1302,628
2024-09-07 22:08:48.056,1303,630
2024-09-07 22:08:48.080,1306,633
2024-09-07 22:08:48.087,1308,635
2024-09-07 22:08:48.096,1309,638
2024-09-07 22:08:48.112,1309,640
2024-09-07 22:08:48.128,1311,643
2024-09-07 22:08:48.143,1312,645
2024-09-07 22:08:48.160,1313,648
2024-09-07 22:08:48.176,1314,650
2024-09-07 22:08:48.184,1316,651
2024-09-07 22:08:48.560,1318,651
2024-09-07 22:08:48.576,1321,651
2024-09-07 22:08:48.592,1323,651
2024-09-07 22:08:48.615,1326,651
2024-09-07 22:08:48.647,1328,651
2024-09-07 22:08:49.007,1328,653
2024-09-07 22:08:49.015,1328,654
2024-09-07 22:08:49.022,1325,655
2024-09-07 22:08:49.030,1320,658
2024-09-07 22:08:49.039,1315,659
2024-09-07 22:08:49.047,1309,661
2024-09-07 22:08:49.055,1304,663
2024-09-07 22:08:49.064,1299,665
2024-09-07 22:08:49.071,1293,666
2024-09-07 22:08:49.080,1286,668
2024-09-07 22:08:49.087,1283,669
2024-09-07 22:08:49.095,1275,669
2024-09-07 22:08:49.104,1266,669
2024-09-07 22:08:49.111,1259,669
2024-09-07 22:08:49.119,1250,670
2024-09-07 22:08:49.126,1241,671
2024-09-07 22:08:49.135,1234,671
2024-09-07 22:08:49.143,1226,671
2024-09-07 22:08:49.151,1220,671
2024-09-07 22:08:49.159,1213,671
2024-09-07 22:08:49.167,1206,671
2024-09-07 22:08:49.175,1201,671
2024-09-07 22:08:49.183,1195,671
2024-09-07 22:08:49.191,1188,671
2024-09-07 22:08:49.199,1181,671
2024-09-07 22:08:49.215,1168,671
2024-09-07 22:08:49.223,1160,671
2024-09-07 22:08:49.231,1153,671
2024-09-07 22:08:49.239,1146,673
2024-09-07 22:08:49.247,1141,674
2024-09-07 22:08:49.256,1135,674
2024-09-07 22:08:49.264,1130,674
2024-09-07 22:08:49.271,1126,674
2024-09-07 22:08:49.279,1123,674
2024-09-07 22:08:49.287,1116,674
2024-09-07 22:08:49.296,1109,674
2024-09-07 22:08:49.304,1101,674
2024-09-07 22:08:49.312,1095,672
2024-09-07 22:08:49.319,1090,670
2024-09-07 22:08:49.328,1086,670
2024-09-07 22:08:49.335,1084,670
2024-09-07 22:08:49.344,1081,670
2024-09-07 22:08:49.351,1076,667
2024-09-07 22:08:49.367,1073,665
2024-09-07 22:08:49.376,1069,665
2024-09-07 22:08:49.383,1066,665
2024-09-07 22:08:49.391,1063,665
2024-09-07 22:08:49.400,1058,665
2024-09-07 22:08:49.407,1054,665
2024-09-07 22:08:49.416,1046,665
2024-09-07 22:08:49.424,1036,665
2024-09-07 22:08:49.432,1024,665
2024-09-07 22:08:49.440,1008,662
2024-09-07 22:08:49.447,988,662
2024-09-07 22:08:49.455,968,662
2024-09-07 22:08:49.464,951,662
2024-09-07 22:08:49.471,939,662
2024-09-07 22:08:49.480,931,662
2024-09-07 22:08:49.487,925,662
2024-09-07 22:08:49.496,919,662
2024-09-07 22:08:49.503,915,662
2024-09-07 22:08:49.512,911,662
2024-09-07 22:08:49.519,909,662
2024-09-07 22:08:49.711,908,660
2024-09-07 22:08:49.719,908,657
2024-09-07 22:08:49.800,908,655
2024-09-07 22:08:49.816,908,652
2024-09-07 22:08:49.832,908,650
2024-09-07 22:08:49.872,908,647
2024-09-07 22:08:49.887,908,645
2024-09-07 22:08:49.896,911,645
2024-09-07 22:08:49.903,913,645
2024-09-07 22:08:49.912,917,642
2024-09-07 22:08:49.918,922,642
2024-09-07 22:08:49.928,929,642
2024-09-07 22:08:49.935,938,642
2024-09-07 22:08:49.944,948,642
2024-09-07 22:08:49.951,959,642
2024-09-07 22:08:49.960,971,642
2024-09-07 22:08:49.967,984,642
2024-09-07 22:08:49.976,997,642
2024-09-07 22:08:49.983,1009,642
2024-09-07 22:08:49.992,1022,642
2024-09-07 22:08:49.998,1034,642
2024-09-07 22:08:50.007,1047,643
2024-09-07 22:08:50.015,1057,645
2024-09-07 22:08:50.023,1067,648
2024-09-07 22:08:50.031,1074,650
2024-09-07 22:08:50.039,1081,653
2024-09-07 22:08:50.047,1086,654
2024-09-07 22:08:50.056,1089,655
2024-09-07 22:08:50.064,1093,658
2024-09-07 22:08:50.072,1097,659
2024-09-07 22:08:50.080,1099,660
2024-09-07 22:08:50.087,1102,663
2024-09-07 22:08:50.096,1104,665
2024-09-07 22:08:50.103,1107,668
2024-09-07 22:08:50.111,1109,670
2024-09-07 22:08:50.119,1112,674
2024-09-07 22:08:50.127,1116,679
2024-09-07 22:08:50.135,1118,685
2024-09-07 22:08:50.144,1121,691
2024-09-07 22:08:50.151,1123,698
2024-09-07 22:08:50.160,1126,706
2024-09-07 22:08:50.167,1128,714
2024-09-07 22:08:50.176,1129,721
2024-09-07 22:08:50.184,1129,728
2024-09-07 22:08:50.192,1129,734
2024-09-07 22:08:50.200,1129,739
2024-09-07 22:08:50.208,1129,744
2024-09-07 22:08:50.215,1129,749
2024-09-07 22:08:50.223,1129,753
2024-09-07 22:08:50.230,1129,758
2024-09-07 22:08:50.239,1129,761
2024-09-07 22:08:50.247,1128,765
2024-09-07 22:08:50.256,1125,770
2024-09-07 22:08:50.264,1123,775
2024-09-07 22:08:50.271,1120,779
2024-09-07 22:08:50.280,1120,783
2024-09-07 22:08:50.287,1118,786
2024-09-07 22:08:50.296,1115,789
2024-09-07 22:08:50.302,1111,793
2024-09-07 22:08:50.311,1109,798
2024-09-07 22:08:50.318,1105,803
2024-09-07 22:08:50.328,1101,808
2024-09-07 22:08:50.335,1098,813
2024-09-07 22:08:50.344,1093,819
2024-09-07 22:08:50.352,1088,824
2024-09-07 22:08:50.360,1081,830
2024-09-07 22:08:50.367,1075,839
2024-09-07 22:08:50.376,1069,845
2024-09-07 22:08:50.384,1063,853
2024-09-07 22:08:50.392,1056,860
2024-09-07 22:08:50.400,1051,866
2024-09-07 22:08:50.408,1045,870
2024-09-07 22:08:50.415,1039,875
2024-09-07 22:08:50.424,1034,879
2024-09-07 22:08:50.432,1030,881
2024-09-07 22:08:50.440,1025,883
2024-09-07 22:08:50.447,1021,884
2024-09-07 22:08:50.455,1019,885
2024-09-07 22:08:50.463,1015,886
2024-09-07 22:08:50.471,1009,886
2024-09-07 22:08:50.479,1003,888
2024-09-07 22:08:50.487,996,889
2024-09-07 22:08:50.496,990,890
2024-09-07 22:08:50.504,983,891
2024-09-07 22:08:50.512,976,893
2024-09-07 22:08:50.519,970,894
2024-09-07 22:08:50.528,964,895
2024-09-07 22:08:50.535,959,896
2024-09-07 22:08:50.544,954,896
2024-09-07 22:08:50.552,949,896
2024-09-07 22:08:50.560,944,896
2024-09-07 22:08:50.567,939,896
2024-09-07 22:08:50.576,933,896
2024-09-07 22:08:50.583,925,896
2024-09-07 22:08:50.592,919,898
2024-09-07 22:08:50.600,914,899
2024-09-07 22:08:50.608,906,900
2024-09-07 22:08:50.616,899,901
2024-09-07 22:08:50.623,891,903
2024-09-07 22:08:50.632,884,905
2024-09-07 22:08:50.640,875,908
2024-09-07 22:08:50.647,865,909
2024-09-07 22:08:50.655,855,910
2024-09-07 22:08:50.663,845,911
2024-09-07 22:08:50.671,834,911
2024-09-07 22:08:50.679,820,911
2024-09-07 22:08:50.687,805,911
2024-09-07 22:08:50.695,788,911
2024-09-07 22:08:50.703,771,910
2024-09-07 22:08:50.712,755,906
2024-09-07 22:08:50.719,739,902
2024-09-07 22:08:50.727,724,897
2024-09-07 22:08:50.735,709,892
2024-09-07 22:08:50.743,694,886
2024-09-07 22:08:50.752,679,880
2024-09-07 22:08:50.760,664,872
2024-09-07 22:08:50.767,650,863
2024-09-07 22:08:50.776,638,855
2024-09-07 22:08:50.783,626,845
2024-09-07 22:08:50.792,618,836
2024-09-07 22:08:50.799,609,827
2024-09-07 22:08:50.807,603,820
2024-09-07 22:08:50.815,596,812
2024-09-07 22:08:50.823,591,805
2024-09-07 22:08:50.831,588,798
2024-09-07 22:08:50.839,585,793
2024-09-07 22:08:50.847,583,790
2024-09-07 22:08:50.855,583,785
2024-09-07 22:08:50.863,580,780
2024-09-07 22:08:50.871,580,775
2024-09-07 22:08:50.880,580,767
2024-09-07 22:08:50.887,578,761
2024-09-07 22:08:50.896,578,753
2024-09-07 22:08:50.903,578,746
2024-09-07 22:08:50.912,578,737
2024-09-07 22:08:50.919,578,727
2024-09-07 22:08:50.928,578,716
2024-09-07 22:08:50.935,578,706
2024-09-07 22:08:50.943,578,696
2024-09-07 22:08:50.951,578,686
2024-09-07 22:08:50.959,578,677
2024-09-07 22:08:50.967,578,668
2024-09-07 22:08:50.976,578,660
2024-09-07 22:08:50.984,579,651
2024-09-07 22:08:50.992,581,645
2024-09-07 22:08:51.000,582,637
2024-09-07 22:08:51.007,583,631
2024-09-07 22:08:51.015,584,626
2024-09-07 22:08:51.023,586,622
2024-09-07 22:08:51.031,587,618
2024-09-07 22:08:51.488,588,616
2024-09-07 22:08:51.503,589,613
2024-09-07 22:08:51.512,591,611
2024-09-07 22:08:51.519,594,607
2024-09-07 22:08:51.528,599,602
2024-09-07 22:08:51.535,607,596
2024-09-07 22:08:51.544,618,590
2024-09-07 22:08:51.552,631,582
2024-09-07 22:08:51.559,643,575
2024-09-07 22:08:51.567,657,567
2024-09-07 22:08:51.576,671,560
2024-09-07 22:08:51.584,686,553
2024-09-07 22:08:51.592,699,547
2024-09-07 22:08:51.600,709,542
2024-09-07 22:08:51.608,722,536
2024-09-07 22:08:51.616,733,532
2024-09-07 22:08:51.624,746,527
2024-09-07 22:08:51.632,758,523
2024-09-07 22:08:51.640,768,520
2024-09-07 22:08:51.648,777,516
2024-09-07 22:08:51.655,784,513
2024-09-07 22:08:51.664,792,511
2024-09-07 22:08:51.671,798,508
2024-09-07 22:08:51.680,803,506
2024-09-07 22:08:51.687,807,505
2024-09-07 22:08:51.696,809,505
2024-09-07 22:08:51.703,812,502
2024-09-07 22:08:52.360,813,502
2024-09-07 22:08:52.408,814,504
2024-09-07 22:08:52.431,814,506
2024-09-07 22:08:52.512,814,509
2024-09-07 22:08:52.527,814,511
2024-09-07 22:08:53.575,814,514
2024-09-07 22:08:53.976,814,516
2024-09-07 22:08:53.992,814,519
2024-09-07 22:08:53.999,814,521
2024-09-07 22:08:54.007,814,524
2024-09-07 22:08:54.015,814,526
2024-09-07 22:08:54.023,814,529
2024-09-07 22:08:54.031,814,533
2024-09-07 22:08:54.040,814,539
2024-09-07 22:08:54.048,814,544
2024-09-07 22:08:54.056,814,551
2024-09-07 22:08:54.064,814,559
2024-09-07 22:08:54.071,813,568
2024-09-07 22:08:54.080,813,578
2024-09-07 22:08:54.088,810,588
2024-09-07 22:08:54.096,808,596
2024-09-07 22:08:54.103,805,605
2024-09-07 22:08:54.112,803,615
2024-09-07 22:08:54.119,800,626
2024-09-07 22:08:54.128,796,636
2024-09-07 22:08:54.135,794,646
2024-09-07 22:08:54.144,791,656
2024-09-07 22:08:54.151,789,665
2024-09-07 22:08:54.160,788,673
2024-09-07 22:08:54.167,785,679
2024-09-07 22:08:54.175,785,683
2024-09-07 22:08:54.400,783,686
2024-09-07 22:08:54.407,780,688
2024-09-07 22:08:54.415,778,689
2024-09-07 22:08:54.424,775,689
2024-09-07 22:08:54.432,773,689
2024-09-07 22:08:54.440,770,689
2024-09-07 22:08:54.448,766,689
2024-09-07 22:08:54.456,764,689
2024-09-07 22:08:54.464,761,689
2024-09-07 22:08:54.471,759,689
2024-09-07 22:08:54.479,756,689
2024-09-07 22:08:54.495,754,689
2024-09-07 22:08:54.512,751,689
2024-09-07 22:08:54.528,749,689
2024-09-07 22:08:54.544,746,689
2024-09-07 22:08:54.567,743,689
2024-09-07 22:08:54.623,739,689
2024-09-07 22:08:54.639,736,689
2024-09-07 22:08:54.672,734,689
2024-09-07 22:08:55.544,731,687
2024-09-07 22:08:55.615,729,687
2024-09-07 22:08:55.639,725,683
2024-09-07 22:08:55.647,721,682
2024-09-07 22:08:55.655,719,680
2024-09-07 22:08:55.663,716,677
2024-09-07 22:08:55.671,714,675
2024-09-07 22:08:55.679,710,671
2024-09-07 22:08:55.687,706,667
2024-09-07 22:08:55.696,703,661
2024-09-07 22:08:55.703,699,656
2024-09-07 22:08:55.711,695,651
2024-09-07 22:08:55.719,693,645
2024-09-07 22:08:55.727,690,638
2024-09-07 22:08:55.735,688,631
2024-09-07 22:08:55.743,685,625
2024-09-07 22:08:55.751,685,617
2024-09-07 22:08:55.760,685,611
2024-09-07 22:08:55.767,685,603
2024-09-07 22:08:55.775,685,596
2024-09-07 22:08:55.783,685,588
2024-09-07 22:08:55.791,685,581
2024-09-07 22:08:55.799,685,572
2024-09-07 22:08:55.808,685,565
2024-09-07 22:08:55.815,685,557
2024-09-07 22:08:55.824,685,551
2024-09-07 22:08:55.831,686,546
2024-09-07 22:08:55.839,688,541
2024-09-07 22:08:55.847,689,537
2024-09-07 22:08:55.856,691,532
2024-09-07 22:08:55.864,693,528
2024-09-07 22:08:55.872,696,526
2024-09-07 22:08:55.880,698,523
2024-09-07 22:08:55.888,701,521
2024-09-07 22:08:55.896,703,520
2024-09-07 22:08:55.903,706,517
2024-09-07 22:08:55.912,708,517
2024-09-07 22:08:55.919,711,515
2024-09-07 22:08:55.927,714,515
2024-09-07 22:08:55.935,717,515
2024-09-07 22:08:55.944,719,515
2024-09-07 22:08:55.951,723,512
2024-09-07 22:08:55.959,728,510
2024-09-07 22:08:55.967,733,510
2024-09-07 22:08:55.975,738,510
2024-09-07 22:08:55.983,743,510
2024-09-07 22:08:55.992,749,507
2024-09-07 22:08:55.999,754,505
2024-09-07 22:08:56.007,759,505
2024-09-07 22:08:56.015,764,505
2024-09-07 22:08:56.023,768,502
2024-09-07 22:08:56.031,772,502
2024-09-07 22:08:56.039,774,502
2024-09-07 22:08:56.047,777,502
2024-09-07 22:08:56.055,779,502
2024-09-07 22:08:56.064,782,502
2024-09-07 22:08:56.071,784,502
2024-09-07 22:08:56.079,787,502
2024-09-07 22:08:56.088,789,502
2024-09-07 22:08:56.095,792,502
2024-09-07 22:08:56.103,794,502
2024-09-07 22:08:56.111,797,502
2024-09-07 22:08:56.120,799,502
2024-09-07 22:08:56.151,802,502
2024-09-07 22:08:56.168,804,502
2024-09-07 22:08:56.183,807,502
2024-09-07 22:08:56.199,809,502
2024-09-07 22:08:56.238,812,502
2024-09-07 22:08:56.528,814,502
2024-09-07 22:08:56.544,817,503
2024-09-07 22:08:56.560,819,505
2024-09-07 22:08:56.576,823,508
2024-09-07 22:08:56.583,826,510
2024-09-07 22:08:56.599,827,513
2024-09-07 22:08:56.615,828,515
2024-09-07 22:08:56.632,832,518
2024-09-07 22:08:56.856,833,520
2024-09-07 22:08:56.871,836,523
2024-09-07 22:08:56.880,838,524
2024-09-07 22:08:56.896,841,525
2024-09-07 22:08:56.903,843,528
2024-09-07 22:08:56.911,846,530
2024-09-07 22:08:56.919,848,533
2024-09-07 22:08:56.927,851,535
2024-09-07 22:08:56.943,853,538
2024-09-07 22:08:56.960,857,541
2024-09-07 22:08:57.006,861,544
2024-09-07 22:08:57.023,863,546
2024-09-07 22:08:57.031,866,549
2024-09-07 22:08:57.040,868,551
2024-09-07 22:08:57.072,871,554
2024-09-07 22:08:57.112,873,558
2024-09-07 22:08:57.248,876,561
2024-09-07 22:08:58.343,878,564
2024-09-07 22:08:58.351,881,566
2024-09-07 22:08:58.359,882,570
2024-09-07 22:08:58.367,883,574
2024-09-07 22:08:58.376,884,576
2024-09-07 22:08:58.384,884,579
2024-09-07 22:08:58.391,886,581
2024-09-07 22:08:58.399,888,585
2024-09-07 22:08:58.407,889,589
2024-09-07 22:08:58.415,891,591
2024-09-07 22:08:58.423,892,594
2024-09-07 22:08:58.432,892,596
2024-09-07 22:08:58.440,893,599
2024-09-07 22:08:58.448,894,601
2024-09-07 22:08:58.456,894,604
2024-09-07 22:08:58.464,894,606
2024-09-07 22:08:58.472,896,609
2024-09-07 22:08:58.496,897,611
2024-09-07 22:08:59.599,897,613
2024-09-07 22:08:59.639,895,614
2024-09-07 22:08:59.664,893,614
2024-09-07 22:08:59.687,890,614
2024-09-07 22:08:59.712,888,614
2024-09-07 22:08:59.719,885,614
2024-09-07 22:08:59.735,883,614
2024-09-07 22:08:59.744,880,614
2024-09-07 22:08:59.751,878,614
2024-09-07 22:08:59.767,875,615
2024-09-07 22:08:59.792,873,616
2024-09-07 22:08:59.800,870,616
2024-09-07 22:09:00.087,868,616
2024-09-07 22:09:00.311,865,616
2024-09-07 22:09:00.328,863,616
2024-09-07 22:09:00.344,860,615
2024-09-07 22:09:00.351,860,612
2024-09-07 22:09:00.359,858,610
2024-09-07 22:09:00.368,855,607
2024-09-07 22:09:00.376,853,605
2024-09-07 22:09:00.384,850,602
2024-09-07 22:09:00.392,848,598
2024-09-07 22:09:00.399,845,595
2024-09-07 22:09:00.407,843,590
2024-09-07 22:09:00.415,839,585
2024-09-07 22:09:00.424,836,581
2024-09-07 22:09:00.432,834,578
2024-09-07 22:09:00.439,833,576
2024-09-07 22:09:00.448,830,572
2024-09-07 22:09:00.455,828,567
2024-09-07 22:09:00.463,825,562
2024-09-07 22:09:00.471,823,557
2024-09-07 22:09:00.479,823,552
2024-09-07 22:09:00.488,820,548
2024-09-07 22:09:00.495,818,543
2024-09-07 22:09:00.503,818,540
2024-09-07 22:09:00.511,815,535
2024-09-07 22:09:00.519,815,528
2024-09-07 22:09:00.528,813,525
2024-09-07 22:09:00.535,813,521
2024-09-07 22:09:00.544,810,516
2024-09-07 22:09:00.551,810,512
2024-09-07 22:09:00.567,810,508
2024-09-07 22:09:00.576,810,506
2024-09-07 22:09:00.583,808,503
2024-09-07 22:09:00.592,808,501
2024-09-07 22:09:00.599,808,498
2024-09-07 22:09:00.608,808,496
2024-09-07 22:09:00.616,808,493
2024-09-07 22:09:00.623,808,491
2024-09-07 22:09:00.631,808,488
2024-09-07 22:09:00.640,808,486
2024-09-07 22:09:00.648,808,483
2024-09-07 22:09:00.656,808,481
2024-09-07 22:09:00.664,808,478
2024-09-07 22:09:00.671,808,475
2024-09-07 22:09:00.679,808,471
2024-09-07 22:09:00.688,808,468
2024-09-07 22:09:00.696,808,466
2024-09-07 22:09:00.704,808,463
2024-09-07 22:09:00.712,808,461
2024-09-07 22:09:00.735,808,458
2024-09-07 22:09:00.791,808,456
2024-09-07 22:09:00.895,808,455
2024-09-07 22:09:00.904,808,455
2024-09-07 22:09:00.912,812,455
2024-09-07 22:09:00.920,816,455
2024-09-07 22:09:00.928,822,459
2024-09-07 22:09:00.935,828,464
2024-09-07 22:09:00.944,834,469
2024-09-07 22:09:00.951,842,476
2024-09-07 22:09:00.960,851,485
2024-09-07 22:09:00.967,858,494
2024-09-07 22:09:00.975,866,503
2024-09-07 22:09:00.983,873,513
2024-09-07 22:09:00.992,881,523
2024-09-07 22:09:00.999,889,534
2024-09-07 22:09:01.007,896,541
2024-09-07 22:09:01.015,903,549
2024-09-07 22:09:01.023,911,556
2024-09-07 22:09:01.031,917,563
2024-09-07 22:09:01.039,923,570
2024-09-07 22:09:01.048,929,575
2024-09-07 22:09:01.055,933,579
2024-09-07 22:09:01.064,937,581
2024-09-07 22:09:01.071,939,584
2024-09-07 22:09:01.080,942,585
2024-09-07 22:09:01.087,944,588
2024-09-07 22:09:01.096,947,590
2024-09-07 22:09:01.103,951,591
2024-09-07 22:09:01.112,956,593
2024-09-07 22:09:01.119,962,595
2024-09-07 22:09:01.128,969,599
2024-09-07 22:09:01.135,979,601
2024-09-07 22:09:01.143,991,603
2024-09-07 22:09:01.151,1003,604
2024-09-07 22:09:01.160,1018,604
2024-09-07 22:09:01.167,1034,604
2024-09-07 22:09:01.176,1052,604
2024-09-07 22:09:01.183,1071,602
2024-09-07 22:09:01.192,1091,597
2024-09-07 22:09:01.199,1111,591
2024-09-07 22:09:01.208,1131,585
2024-09-07 22:09:01.216,1153,577
2024-09-07 22:09:01.224,1174,570
2024-09-07 22:09:01.232,1192,562
2024-09-07 22:09:01.239,1206,556
2024-09-07 22:09:01.247,1219,551
2024-09-07 22:09:01.256,1231,546
2024-09-07 22:09:01.263,1242,541
2024-09-07 22:09:01.271,1249,537
2024-09-07 22:09:01.279,1254,533
2024-09-07 22:09:01.287,1258,531
2024-09-07 22:09:01.296,1262,530
2024-09-07 22:09:01.304,1266,527
2024-09-07 22:09:01.312,1271,525
2024-09-07 22:09:01.319,1277,522
2024-09-07 22:09:01.327,1284,518
2024-09-07 22:09:01.335,1293,515
2024-09-07 22:09:01.344,1303,511
2024-09-07 22:09:01.351,1313,508
2024-09-07 22:09:01.360,1322,506
2024-09-07 22:09:01.367,1332,502
2024-09-07 22:09:01.376,1341,498
2024-09-07 22:09:01.384,1349,496
2024-09-07 22:09:01.391,1356,493
2024-09-07 22:09:01.400,1362,492
2024-09-07 22:09:01.407,1367,492
2024-09-07 22:09:01.415,1371,492
2024-09-07 22:09:01.424,1374,492
2024-09-07 22:09:01.431,1378,492
2024-09-07 22:09:01.440,1383,492
2024-09-07 22:09:01.447,1388,492
2024-09-07 22:09:01.456,1393,492
2024-09-07 22:09:01.463,1399,492
2024-09-07 22:09:01.472,1404,492
2024-09-07 22:09:01.479,1409,492
2024-09-07 22:09:01.488,1414,492
2024-09-07 22:09:01.496,1419,492
2024-09-07 22:09:01.504,1423,492
2024-09-07 22:09:01.511,1427,490
2024-09-07 22:09:01.519,1429,490
2024-09-07 22:09:01.527,1432,490
2024-09-07 22:09:01.543,1434,487
2024-09-07 22:09:01.560,1437,487
2024-09-07 22:09:01.568,1439,485
2024-09-07 22:09:01.608,1442,482
2024-09-07 22:09:01.624,1444,480
2024-09-07 22:09:01.640,1446,477
2024-09-07 22:09:01.647,1448,475
2024-09-07 22:09:01.655,1449,472
2024-09-07 22:09:01.663,1451,470
2024-09-07 22:09:01.672,1452,467
2024-09-07 22:09:01.679,1452,465
2024-09-07 22:09:01.687,1452,461
2024-09-07 22:09:01.695,1452,458
2024-09-07 22:09:01.703,1452,456
2024-09-07 22:09:01.712,1452,452
2024-09-07 22:09:01.720,1452,447
2024-09-07 22:09:01.728,1452,443
2024-09-07 22:09:01.735,1452,440
2024-09-07 22:09:01.744,1452,436
2024-09-07 22:09:01.751,1452,432
2024-09-07 22:09:01.759,1452,427
2024-09-07 22:09:01.767,1452,423
2024-09-07 22:09:01.775,1452,420
2024-09-07 22:09:01.783,1452,416
2024-09-07 22:09:01.792,1452,413
2024-09-07 22:09:02.191,1452,412
2024-09-07 22:09:02.208,1450,412
2024-09-07 22:09:02.215,1448,412
2024-09-07 22:09:02.224,1445,412
2024-09-07 22:09:02.232,1443,412
2024-09-07 22:09:02.240,1439,412
2024-09-07 22:09:02.248,1435,412
2024-09-07 22:09:02.256,1430,412
2024-09-07 22:09:02.264,1424,412
2024-09-07 22:09:02.271,1419,412
2024-09-07 22:09:02.279,1413,412
2024-09-07 22:09:02.287,1405,412
2024-09-07 22:09:02.295,1399,412
2024-09-07 22:09:02.303,1394,413
2024-09-07 22:09:02.311,1388,414
2024-09-07 22:09:02.319,1381,414
2024-09-07 22:09:02.327,1376,414
2024-09-07 22:09:02.336,1370,415
2024-09-07 22:09:02.344,1363,416
2024-09-07 22:09:02.351,1355,418
2024-09-07 22:09:02.359,1346,419
2024-09-07 22:09:02.367,1338,421
2024-09-07 22:09:02.376,1326,423
2024-09-07 22:09:02.383,1315,426
2024-09-07 22:09:02.392,1304,429
2024-09-07 22:09:02.399,1293,431
2024-09-07 22:09:02.408,1281,434
2024-09-07 22:09:02.416,1271,438
2024-09-07 22:09:02.424,1261,441
2024-09-07 22:09:02.432,1251,444
2024-09-07 22:09:02.440,1241,446
2024-09-07 22:09:02.448,1231,448
2024-09-07 22:09:02.456,1221,450
2024-09-07 22:09:02.464,1213,453
2024-09-07 22:09:02.471,1203,455
2024-09-07 22:09:02.480,1193,458
2024-09-07 22:09:02.487,1184,460
2024-09-07 22:09:02.496,1175,463
2024-09-07 22:09:02.504,1165,465
2024-09-07 22:09:02.511,1156,468
2024-09-07 22:09:02.520,1148,470
2024-09-07 22:09:02.528,1139,473
2024-09-07 22:09:02.535,1131,475
2024-09-07 22:09:02.544,1124,478
2024-09-07 22:09:02.551,1116,479
2024-09-07 22:09:02.560,1109,481
2024-09-07 22:09:02.567,1103,483
2024-09-07 22:09:02.576,1095,485
2024-09-07 22:09:02.583,1089,486
2024-09-07 22:09:02.591,1083,488
2024-09-07 22:09:02.599,1075,489
2024-09-07 22:09:02.607,1066,490
2024-09-07 22:09:02.616,1059,494
2024-09-07 22:09:02.624,1048,496
2024-09-07 22:09:02.631,1035,499
2024-09-07 22:09:02.639,1019,504
2024-09-07 22:09:02.647,1001,508
2024-09-07 22:09:02.655,979,515
2024-09-07 22:09:02.664,955,521
2024-09-07 22:09:02.671,928,526
2024-09-07 22:09:02.679,898,531
2024-09-07 22:09:02.687,865,536
2024-09-07 22:09:02.694,831,541
2024-09-07 22:09:02.702,801,546
2024-09-07 22:09:02.710,771,550
2024-09-07 22:09:02.718,739,554
2024-09-07 22:09:02.727,708,558
2024-09-07 22:09:02.735,679,560
2024-09-07 22:09:02.744,654,561
2024-09-07 22:09:02.751,631,561
2024-09-07 22:09:02.760,611,561
2024-09-07 22:09:02.767,595,561
2024-09-07 22:09:02.776,580,560
2024-09-07 22:09:02.784,570,560
2024-09-07 22:09:02.792,561,556
2024-09-07 22:09:02.800,555,553
2024-09-07 22:09:02.807,550,551
2024-09-07 22:09:02.816,546,548
2024-09-07 22:09:02.824,544,546
2024-09-07 22:09:02.832,541,542
2024-09-07 22:09:02.839,539,537
2024-09-07 22:09:02.847,536,531
2024-09-07 22:09:02.855,534,523
2024-09-07 22:09:02.864,531,517
2024-09-07 22:09:02.870,529,510
2024-09-07 22:09:02.879,525,502
2024-09-07 22:09:02.887,521,493
2024-09-07 22:09:02.895,519,486
2024-09-07 22:09:02.903,518,477
2024-09-07 22:09:02.911,518,468
2024-09-07 22:09:02.919,518,460
2024-09-07 22:09:02.928,518,450
2024-09-07 22:09:02.935,518,441
2024-09-07 22:09:02.944,518,432
2024-09-07 22:09:02.952,518,423
2024-09-07 22:09:02.959,518,415
2024-09-07 22:09:02.967,522,405
2024-09-07 22:09:02.976,524,396
2024-09-07 22:09:02.984,528,388
2024-09-07 22:09:02.992,532,382
2024-09-07 22:09:02.999,536,375
2024-09-07 22:09:03.006,541,368
2024-09-07 22:09:03.015,544,363
2024-09-07 22:09:03.023,547,358
2024-09-07 22:09:03.031,549,355
2024-09-07 22:09:03.039,552,351
2024-09-07 22:09:03.048,554,347
2024-09-07 22:09:03.055,557,343
2024-09-07 22:09:03.064,559,341
2024-09-07 22:09:03.080,562,338
2024-09-07 22:09:03.223,562,336
2024-09-07 22:09:03.231,562,335
2024-09-07 22:09:03.240,559,335
2024-09-07 22:09:03.248,555,332
2024-09-07 22:09:03.255,550,332
2024-09-07 22:09:03.264,546,332
2024-09-07 22:09:03.272,544,332
2024-09-07 22:09:03.280,541,330
2024-09-07 22:09:03.287,534,330
2024-09-07 22:09:03.296,523,327
2024-09-07 22:09:03.303,508,323
2024-09-07 22:09:03.312,489,320
2024-09-07 22:09:03.319,470,315
2024-09-07 22:09:03.328,449,310
2024-09-07 22:09:03.335,433,305
2024-09-07 22:09:03.343,414,300
2024-09-07 22:09:03.351,396,295
2024-09-07 22:09:03.360,380,291
2024-09-07 22:09:03.367,363,288
2024-09-07 22:09:03.376,345,285
2024-09-07 22:09:03.383,330,281
2024-09-07 22:09:03.391,319,278
2024-09-07 22:09:03.400,311,277
2024-09-07 22:09:03.407,306,277
2024-09-07 22:09:03.415,303,275
2024-09-07 22:09:03.424,299,275
2024-09-07 22:09:03.431,296,275
2024-09-07 22:09:03.447,294,275
2024-09-07 22:09:03.455,291,275
2024-09-07 22:09:03.463,289,275
2024-09-07 22:09:03.471,286,275
2024-09-07 22:09:03.479,281,275
2024-09-07 22:09:03.487,278,275
2024-09-07 22:09:03.496,271,275
2024-09-07 22:09:03.503,266,275
2024-09-07 22:09:03.511,263,275
2024-09-07 22:09:03.519,259,275
2024-09-07 22:09:03.528,255,275
2024-09-07 22:09:03.535,251,275
2024-09-07 22:09:03.543,248,275
2024-09-07 22:09:03.551,244,275
2024-09-07 22:09:03.560,240,272
2024-09-07 22:09:03.567,234,268
2024-09-07 22:09:03.576,230,267
2024-09-07 22:09:03.583,223,263
2024-09-07 22:09:03.592,214,260
2024-09-07 22:09:03.600,204,253
2024-09-07 22:09:03.608,195,250
2024-09-07 22:09:03.616,186,246
2024-09-07 22:09:03.624,180,243
2024-09-07 22:09:03.632,174,241
2024-09-07 22:09:03.639,170,240
2024-09-07 22:09:03.648,166,237
2024-09-07 22:09:03.655,164,237
2024-09-07 22:09:03.671,160,235
2024-09-07 22:09:03.695,156,232
2024-09-07 22:09:03.712,153,230
2024-09-07 22:09:03.744,149,227
2024-09-07 22:09:03.751,148,225
2024-09-07 22:09:03.768,145,222
2024-09-07 22:09:03.800,145,220
2024-09-07 22:09:03.864,145,217
2024-09-07 22:09:09.295,146,217
2024-09-07 22:09:09.303,148,217
2024-09-07 22:09:09.311,151,217
2024-09-07 22:09:09.319,153,217
2024-09-07 22:09:09.327,156,218
2024-09-07 22:09:09.335,158,219
2024-09-07 22:09:09.343,162,220
2024-09-07 22:09:09.351,166,223
2024-09-07 22:09:09.359,169,224
2024-09-07 22:09:09.367,173,226
2024-09-07 22:09:09.375,178,229
2024-09-07 22:09:09.383,182,230
2024-09-07 22:09:09.392,186,234
2024-09-07 22:09:09.399,191,236
2024-09-07 22:09:09.407,194,239
2024-09-07 22:09:09.415,197,240
2024-09-07 22:09:09.424,201,243
2024-09-07 22:09:09.432,204,244
2024-09-07 22:09:09.440,207,245
2024-09-07 22:09:09.448,209,246
2024-09-07 22:09:09.456,212,248
2024-09-07 22:09:09.464,214,250
2024-09-07 22:09:09.471,218,251
2024-09-07 22:09:09.480,222,251
2024-09-07 22:09:09.487,224,253
2024-09-07 22:09:09.503,227,255
2024-09-07 22:09:09.512,229,256
2024-09-07 22:09:09.519,232,256
2024-09-07 22:09:09.527,234,258
2024-09-07 22:09:09.535,237,260
2024-09-07 22:09:09.544,239,261
2024-09-07 22:09:09.551,242,263
2024-09-07 22:09:09.560,244,265
2024-09-07 22:09:09.567,247,268
2024-09-07 22:09:09.576,249,269
2024-09-07 22:09:09.583,253,271
2024-09-07 22:09:09.592,257,274
2024-09-07 22:09:09.600,259,275
2024-09-07 22:09:09.608,263,279
2024-09-07 22:09:09.616,267,281
2024-09-07 22:09:09.623,271,285
2024-09-07 22:09:09.631,274,290
2024-09-07 22:09:09.639,278,295
2024-09-07 22:09:09.648,282,300
2024-09-07 22:09:09.655,284,305
2024-09-07 22:09:09.664,287,310
2024-09-07 22:09:09.671,289,315
2024-09-07 22:09:09.679,292,320
2024-09-07 22:09:09.687,294,325
2024-09-07 22:09:09.695,297,331
2024-09-07 22:09:09.703,299,338
2024-09-07 22:09:09.711,302,345
2024-09-07 22:09:09.719,303,351
2024-09-07 22:09:09.727,306,359
2024-09-07 22:09:09.735,307,365
2024-09-07 22:09:09.744,308,373
2024-09-07 22:09:09.751,309,380
2024-09-07 22:09:09.759,311,388
2024-09-07 22:09:09.768,312,394
2024-09-07 22:09:09.775,312,399
2024-09-07 22:09:09.783,312,405
2024-09-07 22:09:09.791,312,413
2024-09-07 22:09:09.800,313,420
2024-09-07 22:09:09.807,314,428
2024-09-07 22:09:09.815,314,434
2024-09-07 22:09:09.823,314,439
2024-09-07 22:09:09.831,314,443
2024-09-07 22:09:09.839,314,448
2024-09-07 22:09:09.848,314,454
2024-09-07 22:09:09.855,314,459
2024-09-07 22:09:09.864,314,464
2024-09-07 22:09:09.871,314,469
2024-09-07 22:09:09.880,314,475
2024-09-07 22:09:09.887,314,481
2024-09-07 22:09:09.895,314,488
2024-09-07 22:09:09.903,314,494
2024-09-07 22:09:09.912,314,499
2024-09-07 22:09:09.919,314,504
2024-09-07 22:09:09.927,314,510
2024-09-07 22:09:09.935,314,516
2024-09-07 22:09:09.943,314,521
2024-09-07 22:09:09.951,314,525
2024-09-07 22:09:09.960,314,530
2024-09-07 22:09:09.967,314,535
2024-09-07 22:09:09.976,314,539
2024-09-07 22:09:09.984,314,543
2024-09-07 22:09:09.992,314,546
2024-09-07 22:09:09.999,314,549
2024-09-07 22:09:10.007,314,553
2024-09-07 22:09:10.015,314,558
2024-09-07 22:09:10.022,314,563
2024-09-07 22:09:10.031,314,569
2024-09-07 22:09:10.039,314,574
2024-09-07 22:09:10.048,314,579
2024-09-07 22:09:10.055,314,585
2024-09-07 22:09:10.064,314,593
2024-09-07 22:09:10.071,314,600
2024-09-07 22:09:10.080,314,606
2024-09-07 22:09:10.087,314,611
2024-09-07 22:09:10.096,314,618
2024-09-07 22:09:10.103,314,624
2024-09-07 22:09:10.112,313,629
2024-09-07 22:09:10.119,313,634
2024-09-07 22:09:10.127,313,639
2024-09-07 22:09:10.136,310,643
2024-09-07 22:09:10.143,310,648
2024-09-07 22:09:10.152,310,653
2024-09-07 22:09:10.160,310,656
2024-09-07 22:09:10.167,310,660
2024-09-07 22:09:10.175,308,664
2024-09-07 22:09:10.184,308,666
2024-09-07 22:09:10.192,308,669
2024-09-07 22:09:10.200,308,673
2024-09-07 22:09:10.207,305,676
2024-09-07 22:09:10.216,305,679
2024-09-07 22:09:10.232,305,681
2024-09-07 22:09:10.248,303,684
2024-09-07 22:09:10.263,303,686
2024-09-07 22:09:10.280,303,689
2024-09-07 22:09:10.296,300,691
2024-09-07 22:09:10.303,298,694
2024-09-07 22:09:10.319,298,696
2024-09-07 22:09:10.327,298,699
2024-09-07 22:09:10.335,295,701
2024-09-07 22:09:10.343,293,704
2024-09-07 22:09:10.351,290,708
2024-09-07 22:09:10.359,288,713
2024-09-07 22:09:10.367,285,718
2024-09-07 22:09:10.375,281,723
2024-09-07 22:09:10.383,280,728
2024-09-07 22:09:10.391,278,734
2024-09-07 22:09:10.399,275,740
2024-09-07 22:09:10.406,275,746
2024-09-07 22:09:10.416,273,753
2024-09-07 22:09:10.423,270,761
2024-09-07 22:09:10.432,268,768
2024-09-07 22:09:10.439,268,774
2024-09-07 22:09:10.448,265,781
2024-09-07 22:09:10.455,263,788
2024-09-07 22:09:10.464,260,795
2024-09-07 22:09:10.471,260,803
2024-09-07 22:09:10.480,258,809
2024-09-07 22:09:10.487,258,814
2024-09-07 22:09:10.496,258,819
2024-09-07 22:09:10.503,255,824
2024-09-07 22:09:10.512,255,829
2024-09-07 22:09:10.519,255,833
2024-09-07 22:09:10.527,253,838
2024-09-07 22:09:10.535,253,841
2024-09-07 22:09:10.544,253,844
2024-09-07 22:09:10.551,253,846
2024-09-07 22:09:10.560,250,849
2024-09-07 22:09:10.567,250,851
2024-09-07 22:09:10.824,248,853
2024-09-07 22:09:10.840,245,854
2024-09-07 22:09:10.848,243,854
2024-09-07 22:09:10.864,243,852
2024-09-07 22:09:10.999,240,850
2024-09-07 22:09:11.016,238,847
2024-09-07 22:09:11.023,235,845
2024-09-07 22:09:11.031,233,842
2024-09-07 22:09:11.056,230,840
2024-09-07 22:09:11.072,228,837
2024-09-07 22:09:11.079,225,835
2024-09-07 22:09:11.103,223,832
2024-09-07 22:09:11.311,223,830
2024-09-07 22:09:11.384,223,827
2024-09-07 22:09:11.424,223,825
2024-09-07 22:09:11.440,223,822
2024-09-07 22:09:11.456,223,820
2024-09-07 22:09:11.463,223,817
2024-09-07 22:09:11.471,223,815
2024-09-07 22:09:11.479,223,811
2024-09-07 22:09:11.487,223,806
2024-09-07 22:09:11.496,223,800
2024-09-07 22:09:11.503,223,792
2024-09-07 22:09:11.512,223,783
2024-09-07 22:09:11.519,223,775
2024-09-07 22:09:11.527,223,765
2024-09-07 22:09:11.536,223,755
2024-09-07 22:09:11.543,224,746
2024-09-07 22:09:11.551,224,737
2024-09-07 22:09:11.560,226,727
2024-09-07 22:09:11.567,227,717
2024-09-07 22:09:11.576,227,707
2024-09-07 22:09:11.584,227,697
2024-09-07 22:09:11.592,227,687
2024-09-07 22:09:11.600,227,677
2024-09-07 22:09:11.608,227,667
2024-09-07 22:09:11.616,227,656
2024-09-07 22:09:11.624,227,646
2024-09-07 22:09:11.632,227,636
2024-09-07 22:09:11.639,227,626
2024-09-07 22:09:11.648,227,616
2024-09-07 22:09:11.655,227,607
2024-09-07 22:09:11.663,227,597
2024-09-07 22:09:11.671,227,587
2024-09-07 22:09:11.680,227,577
2024-09-07 22:09:11.687,227,568
2024-09-07 22:09:11.696,227,560
2024-09-07 22:09:11.704,227,551
2024-09-07 22:09:11.712,227,543
2024-09-07 22:09:11.719,227,537
2024-09-07 22:09:11.728,227,531
2024-09-07 22:09:11.736,227,526
2024-09-07 22:09:11.743,227,521
2024-09-07 22:09:11.752,227,516
2024-09-07 22:09:11.760,227,511
2024-09-07 22:09:11.767,227,507
2024-09-07 22:09:11.775,227,503
2024-09-07 22:09:11.784,227,501
2024-09-07 22:09:11.791,227,497
2024-09-07 22:09:11.800,227,493
2024-09-07 22:09:14.112,225,491
2024-09-07 22:09:24.591,225,487
2024-09-07 22:09:24.631,225,483
2024-09-07 22:09:24.639,225,480
2024-09-07 22:09:24.647,227,475
2024-09-07 22:09:24.655,231,468
2024-09-07 22:09:24.663,237,461
2024-09-07 22:09:24.670,243,452
2024-09-07 22:09:24.679,249,443
2024-09-07 22:09:24.687,254,437
2024-09-07 22:09:24.695,258,431
2024-09-07 22:09:24.703,262,425
2024-09-07 22:09:24.711,266,416
2024-09-07 22:09:24.719,271,408
2024-09-07 22:09:24.727,278,398
2024-09-07 22:09:24.735,286,388
2024-09-07 22:09:24.743,294,376
2024-09-07 22:09:24.751,301,365
2024-09-07 22:09:24.759,308,352
2024-09-07 22:09:24.767,313,340
2024-09-07 22:09:24.775,318,327
2024-09-07 22:09:24.782,322,317
2024-09-07 22:09:24.790,323,308
2024-09-07 22:09:24.798,324,302
2024-09-07 22:09:24.806,324,295
2024-09-07 22:09:24.814,324,287
2024-09-07 22:09:24.822,324,280
2024-09-07 22:09:24.830,321,272
2024-09-07 22:09:24.839,316,265
2024-09-07 22:09:24.847,310,257
2024-09-07 22:09:24.855,301,248
2024-09-07 22:09:24.863,294,242
2024-09-07 22:09:24.870,289,237
2024-09-07 22:09:24.879,285,235
2024-09-07 22:09:24.886,281,235
2024-09-07 22:09:24.895,279,232
2024-09-07 22:09:24.902,274,232
2024-09-07 22:09:24.911,266,230
2024-09-07 22:09:24.919,260,226
2024-09-07 22:09:24.927,254,225
2024-09-07 22:09:24.935,249,225
2024-09-07 22:09:24.943,245,225
2024-09-07 22:09:24.952,239,222
2024-09-07 22:09:24.967,233,220
2024-09-07 22:09:24.975,228,220
2024-09-07 22:09:24.983,224,220
2024-09-07 22:09:24.991,218,217
2024-09-07 22:09:24.998,213,215
2024-09-07 22:09:25.006,209,215
2024-09-07 22:09:25.015,206,212
2024-09-07 22:09:25.023,204,212
2024-09-07 22:09:25.031,200,212
2024-09-07 22:09:25.039,196,212
2024-09-07 22:09:25.047,194,212
2024-09-07 22:09:25.054,190,212
2024-09-07 22:09:25.063,185,212
2024-09-07 22:09:25.071,180,212
2024-09-07 22:09:25.079,174,212
2024-09-07 22:09:25.086,168,212
2024-09-07 22:09:25.095,161,212
2024-09-07 22:09:25.103,155,212
2024-09-07 22:09:25.111,148,212
2024-09-07 22:09:25.119,140,212
2024-09-07 22:09:25.126,134,212
2024-09-07 22:09:25.135,129,210
2024-09-07 22:09:25.143,124,210
2024-09-07 22:09:25.152,118,207
2024-09-07 22:09:25.158,113,205
2024-09-07 22:09:25.167,108,205
2024-09-07 22:09:25.174,104,202
2024-09-07 22:09:25.198,103,200
2024-09-07 22:09:25.207,100,197
2024-09-07 22:09:25.215,100,195
2024-09-07 22:09:25.223,100,191
2024-09-07 22:09:25.231,100,186
2024-09-07 22:09:25.239,100,180
2024-09-07 22:09:25.247,100,171
2024-09-07 22:09:25.254,100,162
2024-09-07 22:09:25.263,100,152
2024-09-07 22:09:25.271,102,141
2024-09-07 22:09:25.279,106,130
2024-09-07 22:09:25.287,111,118
2024-09-07 22:09:25.295,116,108
2024-09-07 22:09:25.303,119,100
2024-09-07 22:09:25.311,124,90
2024-09-07 22:09:25.319,129,81
2024-09-07 22:09:25.328,134,73
2024-09-07 22:09:25.335,139,67
2024-09-07 22:09:25.343,143,62
2024-09-07 22:09:25.351,148,56
2024-09-07 22:09:25.360,152,52
2024-09-07 22:09:25.367,154,48
2024-09-07 22:09:25.376,157,46
2024-09-07 22:09:25.392,159,43
2024-09-07 22:09:25.408,162,42
2024-09-07 22:09:25.423,164,40
2024-09-07 22:09:25.448,167,40
2024-09-07 22:09:25.488,169,40
2024-09-07 22:09:25.560,172,40
2024-09-07 22:09:25.599,173,40
2024-09-07 22:09:25.608,176,40
2024-09-07 22:09:25.615,177,43
2024-09-07 22:09:25.623,177,45
2024-09-07 22:09:25.632,177,48
2024-09-07 22:09:25.639,177,50
2024-09-07 22:09:25.647,177,54
2024-09-07 22:09:25.655,177,56
2024-09-07 22:09:25.664,177,59
2024-09-07 22:09:25.672,177,61
2024-09-07 22:09:25.680,177,64
2024-09-07 22:09:25.687,177,66
2024-09-07 22:09:25.696,175,69
2024-09-07 22:09:25.703,175,71
2024-09-07 22:09:25.712,175,74
2024-09-07 22:09:25.719,173,78
2024-09-07 22:09:25.735,170,81
2024-09-07 22:09:25.744,170,84
2024-09-07 22:09:25.751,170,86
2024-09-07 22:09:25.839,168,89
2024-09-07 22:09:25.871,165,91
2024-09-07 22:09:26.287,165,94
2024-09-07 22:09:26.295,165,96
2024-09-07 22:09:26.303,165,99
2024-09-07 22:09:26.310,165,103
2024-09-07 22:09:26.319,165,106
2024-09-07 22:09:26.327,165,110
2024-09-07 22:09:26.335,166,115
2024-09-07 22:09:26.343,168,120
2024-09-07 22:09:26.351,169,128
2024-09-07 22:09:26.359,171,134
2024-09-07 22:09:26.367,172,140
2024-09-07 22:09:26.375,173,148
2024-09-07 22:09:26.383,174,154
2024-09-07 22:09:26.391,176,159
2024-09-07 22:09:26.400,178,165
2024-09-07 22:09:26.407,181,171
2024-09-07 22:09:26.415,182,176
2024-09-07 22:09:26.423,183,181
2024-09-07 22:09:26.432,186,186
2024-09-07 22:09:26.440,187,191
2024-09-07 22:09:26.447,189,198
2024-09-07 22:09:26.455,191,204
2024-09-07 22:09:26.464,194,210
2024-09-07 22:09:26.471,196,215
2024-09-07 22:09:26.479,197,221
2024-09-07 22:09:26.487,199,225
2024-09-07 22:09:26.496,201,231
2024-09-07 22:09:26.503,203,236
2024-09-07 22:09:26.511,206,240
2024-09-07 22:09:26.519,208,245
2024-09-07 22:09:26.527,209,249
2024-09-07 22:09:26.536,211,251
2024-09-07 22:09:26.543,212,254
2024-09-07 22:09:26.551,213,258
2024-09-07 22:09:26.567,216,261
2024-09-07 22:09:26.592,218,264
2024-09-07 22:09:26.671,221,266
